year,country_name,medal_type,count,past_medals,avg_last_3,delta
2008,Afghanistan,BRONZE,1,0.0,0.0,0.0
2012,Afghanistan,BRONZE,1,1.0,0.0,0.0
1984,Algeria,BRONZE,2,2.0,0.0,0.0
1992,Algeria,BRONZE,1,2.0,0.0,-1.0
1992,Algeria,GOLD,1,3.0,1.3333333333333333,0.0
1996,Algeria,BRONZE,1,4.0,1.0,0.0
1996,Algeria,GOLD,2,5.0,1.3333333333333333,1.0
2000,Algeria,BRONZE,3,7.0,2.0,1.0
2000,Algeria,GOLD,1,10.0,2.0,-2.0
2000,Algeria,SILVER,1,11.0,1.6666666666666667,0.0
2008,Algeria,BRONZE,1,12.0,1.0,0.0
2008,Algeria,SILVER,1,13.0,1.0,0.0
2012,Algeria,GOLD,1,14.0,1.0,0.0
2016,Algeria,SILVER,2,15.0,1.3333333333333333,1.0
1924,Argentina,BRONZE,2,17.0,0.0,0.0
1924,Argentina,GOLD,1,2.0,0.0,-1.0
1924,Argentina,SILVER,3,3.0,2.0,2.0
1928,Argentina,BRONZE,1,6.0,1.6666666666666667,-2.0
1928,Argentina,GOLD,3,7.0,2.3333333333333335,2.0
1928,Argentina,SILVER,3,10.0,2.3333333333333335,0.0
1932,Argentina,GOLD,3,13.0,3.0,0.0
1932,Argentina,SILVER,1,16.0,2.3333333333333335,-2.0
1936,Argentina,BRONZE,3,17.0,2.3333333333333335,2.0
1936,Argentina,GOLD,2,20.0,2.0,-1.0
1936,Argentina,SILVER,2,22.0,2.3333333333333335,0.0
1948,Argentina,BRONZE,1,24.0,1.6666666666666667,-1.0
1948,Argentina,GOLD,3,25.0,2.0,2.0
1948,Argentina,SILVER,3,28.0,2.3333333333333335,0.0
1952,Argentina,BRONZE,2,31.0,2.6666666666666665,-1.0
1952,Argentina,GOLD,1,33.0,2.0,-1.0
1952,Argentina,SILVER,2,34.0,1.6666666666666667,1.0
1956,Argentina,BRONZE,1,36.0,1.3333333333333333,-1.0
1956,Argentina,SILVER,1,37.0,1.3333333333333333,0.0
1960,Argentina,BRONZE,1,38.0,1.0,0.0
1960,Argentina,SILVER,1,39.0,1.0,0.0
1964,Argentina,SILVER,1,40.0,1.0,0.0
1968,Argentina,BRONZE,2,41.0,1.3333333333333333,1.0
1972,Argentina,SILVER,1,43.0,1.3333333333333333,-1.0
1988,Argentina,BRONZE,1,44.0,1.3333333333333333,0.0
1988,Argentina,SILVER,1,45.0,1.0,0.0
1992,Argentina,BRONZE,1,46.0,1.0,0.0
1996,Argentina,BRONZE,1,47.0,1.0,0.0
1996,Argentina,SILVER,2,48.0,1.3333333333333333,1.0
2000,Argentina,BRONZE,2,50.0,1.6666666666666667,0.0
2000,Argentina,SILVER,2,52.0,2.0,0.0
2004,Argentina,BRONZE,4,54.0,2.6666666666666665,2.0
2004,Argentina,GOLD,2,58.0,2.6666666666666665,-2.0
2008,Argentina,BRONZE,4,60.0,3.3333333333333335,2.0
2008,Argentina,GOLD,2,64.0,2.6666666666666665,-2.0
2012,Argentina,BRONZE,2,66.0,2.6666666666666665,0.0
2012,Argentina,GOLD,1,68.0,1.6666666666666667,-1.0
2012,Argentina,SILVER,1,69.0,1.3333333333333333,0.0
2016,Argentina,GOLD,3,70.0,1.6666666666666667,2.0
2016,Argentina,SILVER,1,73.0,1.6666666666666667,-2.0
2020,Argentina,BRONZE,2,74.0,2.0,1.0
2020,Argentina,SILVER,1,76.0,1.3333333333333333,-1.0
1996,Armenia,GOLD,1,77.0,0.0,0.0
1996,Armenia,SILVER,1,1.0,0.0,0.0
2000,Armenia,BRONZE,1,2.0,1.0,0.0
2008,Armenia,BRONZE,4,3.0,2.0,3.0
2008,Armenia,SILVER,1,7.0,2.0,-3.0
2012,Armenia,BRONZE,1,8.0,2.0,0.0
2012,Armenia,SILVER,1,9.0,1.0,0.0
2016,Armenia,GOLD,1,10.0,1.0,0.0
2016,Armenia,SILVER,3,11.0,1.6666666666666667,2.0
2020,Armenia,BRONZE,2,14.0,2.0,-1.0
2020,Armenia,SILVER,2,16.0,2.3333333333333335,0.0
1908,Australasia,BRONZE,2,18.0,0.0,0.0
1908,Australasia,GOLD,1,2.0,0.0,-1.0
1908,Australasia,SILVER,2,3.0,1.6666666666666667,1.0
1912,Australasia,BRONZE,3,5.0,2.0,1.0
1912,Australasia,GOLD,2,8.0,2.3333333333333335,-1.0
1912,Australasia,SILVER,2,10.0,2.3333333333333335,0.0
1896,Australia,GOLD,2,12.0,0.0,0.0
1900,Australia,BRONZE,3,2.0,0.0,1.0
1900,Australia,GOLD,2,5.0,2.3333333333333335,-1.0
1904,Australia,BRONZE,1,7.0,2.0,-1.0
1904,Australia,SILVER,3,8.0,2.0,2.0
1920,Australia,BRONZE,1,11.0,1.6666666666666667,-2.0
1920,Australia,SILVER,2,12.0,2.0,1.0
1924,Australia,BRONZE,2,14.0,1.6666666666666667,0.0
1924,Australia,GOLD,3,16.0,2.3333333333333335,1.0
1924,Australia,SILVER,1,19.0,2.0,-2.0
1928,Australia,BRONZE,1,20.0,1.6666666666666667,0.0
1928,Australia,GOLD,1,21.0,1.0,0.0
1928,Australia,SILVER,2,22.0,1.3333333333333333,1.0
1932,Australia,BRONZE,1,24.0,1.3333333333333333,-1.0
1932,Australia,GOLD,3,25.0,2.0,2.0
1932,Australia,SILVER,1,28.0,1.6666666666666667,-2.0
1936,Australia,BRONZE,1,29.0,1.6666666666666667,0.0
1948,Australia,BRONZE,5,30.0,2.3333333333333335,4.0
1948,Australia,GOLD,2,35.0,2.6666666666666665,-3.0
1948,Australia,SILVER,6,37.0,4.333333333333333,4.0
1952,Australia,BRONZE,3,43.0,3.6666666666666665,-3.0
1952,Australia,GOLD,6,46.0,5.0,3.0
1952,Australia,SILVER,2,52.0,3.6666666666666665,-4.0
1956,Australia,BRONZE,14,54.0,7.333333333333333,12.0
1956,Australia,GOLD,13,68.0,9.666666666666666,-1.0
1956,Australia,SILVER,8,81.0,11.666666666666666,-5.0
1960,Australia,BRONZE,6,89.0,9.0,-2.0
1960,Australia,GOLD,8,95.0,7.333333333333333,2.0
1960,Australia,SILVER,8,103.0,7.333333333333333,0.0
1964,Australia,BRONZE,10,111.0,8.666666666666666,2.0
1964,Australia,GOLD,6,121.0,8.0,-4.0
1964,Australia,SILVER,2,127.0,6.0,-4.0
1968,Australia,BRONZE,5,129.0,4.333333333333333,3.0
1968,Australia,GOLD,5,134.0,4.0,0.0
1968,Australia,SILVER,7,139.0,5.666666666666667,2.0
1972,Australia,BRONZE,2,146.0,4.666666666666667,-5.0
1972,Australia,GOLD,8,148.0,5.666666666666667,6.0
1972,Australia,SILVER,7,156.0,5.666666666666667,-1.0
1976,Australia,BRONZE,4,163.0,6.333333333333333,-3.0
1976,Australia,SILVER,1,167.0,4.0,-3.0
1980,Australia,BRONZE,5,168.0,3.3333333333333335,4.0
1980,Australia,GOLD,2,173.0,2.6666666666666665,-3.0
1980,Australia,SILVER,2,175.0,3.0,0.0
1984,Australia,BRONZE,12,177.0,5.333333333333333,10.0
1984,Australia,GOLD,4,189.0,6.0,-8.0
1984,Australia,SILVER,8,193.0,8.0,4.0
1988,Australia,BRONZE,5,201.0,5.666666666666667,-3.0
1988,Australia,GOLD,3,206.0,5.333333333333333,-2.0
1988,Australia,SILVER,6,209.0,4.666666666666667,3.0
1992,Australia,BRONZE,11,215.0,6.666666666666667,5.0
1992,Australia,GOLD,7,226.0,8.0,-4.0
1992,Australia,SILVER,9,233.0,9.0,2.0
1994,Australia,BRONZE,1,242.0,5.666666666666667,-8.0
1996,Australia,BRONZE,23,243.0,11.0,22.0
1996,Australia,GOLD,9,266.0,11.0,-14.0
1996,Australia,SILVER,9,275.0,13.666666666666666,0.0
1998,Australia,BRONZE,1,284.0,6.333333333333333,-8.0
2000,Australia,BRONZE,17,285.0,9.0,16.0
2000,Australia,GOLD,16,302.0,11.333333333333334,-1.0
2000,Australia,SILVER,25,318.0,19.333333333333332,9.0
2002,Australia,GOLD,2,343.0,14.333333333333334,-23.0
2004,Australia,BRONZE,17,345.0,14.666666666666666,15.0
2004,Australia,GOLD,17,362.0,12.0,0.0
2004,Australia,SILVER,16,379.0,16.666666666666668,-1.0
2006,Australia,BRONZE,1,395.0,11.333333333333334,-15.0
2006,Australia,GOLD,1,396.0,6.0,0.0
2008,Australia,BRONZE,17,397.0,6.333333333333333,16.0
2008,Australia,GOLD,14,414.0,10.666666666666666,-3.0
2008,Australia,SILVER,15,428.0,15.333333333333334,1.0
2010,Australia,GOLD,2,443.0,10.333333333333334,-13.0
2010,Australia,SILVER,1,445.0,6.0,-1.0
2012,Australia,BRONZE,12,446.0,5.0,11.0
2012,Australia,GOLD,8,458.0,7.0,-4.0
2012,Australia,SILVER,15,466.0,11.666666666666666,7.0
2014,Australia,BRONZE,1,481.0,8.0,-14.0
2014,Australia,SILVER,2,482.0,6.0,1.0
2016,Australia,BRONZE,10,484.0,4.333333333333333,8.0
2016,Australia,GOLD,8,494.0,6.666666666666667,-2.0
2016,Australia,SILVER,11,502.0,9.666666666666666,3.0
2018,Australia,BRONZE,1,513.0,6.666666666666667,-10.0
2018,Australia,SILVER,2,514.0,4.666666666666667,1.0
2020,Australia,BRONZE,22,516.0,8.333333333333334,20.0
2020,Australia,GOLD,17,538.0,13.666666666666666,-5.0
2020,Australia,SILVER,7,555.0,15.333333333333334,-10.0
2022,Australia,BRONZE,1,562.0,8.333333333333334,-6.0
2022,Australia,GOLD,1,563.0,3.0,0.0
2022,Australia,SILVER,2,564.0,1.3333333333333333,1.0
1896,Austria,BRONZE,2,566.0,0.0,0.0
1896,Austria,GOLD,2,2.0,0.0,0.0
1896,Austria,SILVER,1,4.0,1.6666666666666667,-1.0
1900,Austria,BRONZE,3,5.0,2.0,2.0
1900,Austria,SILVER,3,8.0,2.3333333333333335,0.0
1904,Austria,BRONZE,1,11.0,2.3333333333333335,-2.0
1904,Austria,GOLD,1,12.0,1.6666666666666667,0.0
1904,Austria,SILVER,1,13.0,1.0,0.0
1908,Austria,BRONZE,1,14.0,1.0,0.0
1912,Austria,BRONZE,2,15.0,1.3333333333333333,1.0
1912,Austria,SILVER,2,17.0,1.6666666666666667,0.0
1924,Austria,BRONZE,1,19.0,1.6666666666666667,-1.0
1924,Austria,GOLD,2,20.0,1.6666666666666667,1.0
1924,Austria,SILVER,4,22.0,2.3333333333333335,2.0
1928,Austria,BRONZE,2,26.0,2.6666666666666665,-2.0
1928,Austria,GOLD,2,28.0,2.6666666666666665,0.0
1928,Austria,SILVER,3,30.0,2.3333333333333335,1.0
1932,Austria,BRONZE,3,33.0,2.6666666666666665,0.0
1932,Austria,GOLD,2,36.0,2.6666666666666665,-1.0
1932,Austria,SILVER,2,38.0,2.3333333333333335,0.0
1936,Austria,BRONZE,4,40.0,2.6666666666666665,2.0
1936,Austria,GOLD,4,44.0,3.3333333333333335,0.0
1936,Austria,SILVER,5,48.0,4.333333333333333,1.0
1948,Austria,BRONZE,7,53.0,5.333333333333333,2.0
1948,Austria,GOLD,2,60.0,4.666666666666667,-5.0
1948,Austria,SILVER,3,62.0,4.0,1.0
1952,Austria,BRONZE,3,65.0,2.6666666666666665,0.0
1952,Austria,GOLD,2,68.0,2.6666666666666665,-1.0
1952,Austria,SILVER,5,70.0,3.3333333333333335,3.0
1956,Austria,BRONZE,6,75.0,4.333333333333333,1.0
1956,Austria,GOLD,4,81.0,5.0,-2.0
1956,Austria,SILVER,3,85.0,4.333333333333333,-1.0
1960,Austria,BRONZE,3,88.0,3.3333333333333335,0.0
1960,Austria,GOLD,2,91.0,2.6666666666666665,-1.0
1960,Austria,SILVER,3,93.0,2.6666666666666665,1.0
1964,Austria,BRONZE,3,96.0,2.6666666666666665,0.0
1964,Austria,GOLD,4,99.0,3.3333333333333335,1.0
1964,Austria,SILVER,5,103.0,4.0,1.0
1968,Austria,BRONZE,6,108.0,5.0,1.0
1968,Austria,GOLD,3,114.0,4.666666666666667,-3.0
1968,Austria,SILVER,6,117.0,5.0,3.0
1972,Austria,BRONZE,4,123.0,4.333333333333333,-2.0
1972,Austria,GOLD,1,127.0,3.6666666666666665,-3.0
1972,Austria,SILVER,3,128.0,2.6666666666666665,2.0
1976,Austria,BRONZE,3,131.0,2.3333333333333335,0.0
1976,Austria,GOLD,2,134.0,2.6666666666666665,-1.0
1976,Austria,SILVER,2,136.0,2.3333333333333335,0.0
1980,Austria,BRONZE,3,138.0,2.3333333333333335,1.0
1980,Austria,GOLD,4,141.0,3.0,1.0
1980,Austria,SILVER,4,145.0,3.6666666666666665,0.0
1984,Austria,BRONZE,2,149.0,3.3333333333333335,-2.0
1984,Austria,GOLD,1,151.0,2.3333333333333335,-1.0
1984,Austria,SILVER,1,152.0,1.3333333333333333,0.0
1988,Austria,BRONZE,2,153.0,1.3333333333333333,1.0
1988,Austria,GOLD,4,155.0,2.3333333333333335,2.0
1988,Austria,SILVER,5,159.0,3.6666666666666665,1.0
1992,Austria,BRONZE,8,164.0,5.666666666666667,3.0
1992,Austria,GOLD,6,172.0,6.333333333333333,-2.0
1992,Austria,SILVER,9,178.0,7.666666666666667,3.0
1994,Austria,BRONZE,4,187.0,6.333333333333333,-5.0
1994,Austria,GOLD,2,191.0,5.0,-2.0
1994,Austria,SILVER,3,193.0,3.0,1.0
1996,Austria,BRONZE,2,196.0,2.3333333333333335,-1.0
1996,Austria,SILVER,1,198.0,2.0,-1.0
1998,Austria,BRONZE,9,199.0,4.0,8.0
1998,Austria,GOLD,3,208.0,4.333333333333333,-6.0
1998,Austria,SILVER,5,211.0,5.666666666666667,2.0
2000,Austria,GOLD,2,216.0,3.3333333333333335,-3.0
2000,Austria,SILVER,1,218.0,2.6666666666666665,-1.0
2002,Austria,BRONZE,10,219.0,4.333333333333333,9.0
2002,Austria,GOLD,3,229.0,4.666666666666667,-7.0
2002,Austria,SILVER,4,232.0,5.666666666666667,1.0
2004,Austria,BRONZE,1,236.0,2.6666666666666665,-3.0
2004,Austria,GOLD,2,237.0,2.3333333333333335,1.0
2004,Austria,SILVER,4,239.0,2.3333333333333335,2.0
2006,Austria,BRONZE,7,243.0,4.333333333333333,3.0
2006,Austria,GOLD,9,250.0,6.666666666666667,2.0
2006,Austria,SILVER,7,259.0,7.666666666666667,-2.0
2008,Austria,BRONZE,2,266.0,6.0,-5.0
2008,Austria,SILVER,1,268.0,3.3333333333333335,-1.0
2010,Austria,BRONZE,6,269.0,3.0,5.0
2010,Austria,GOLD,4,275.0,3.6666666666666665,-2.0
2010,Austria,SILVER,6,279.0,5.333333333333333,2.0
2014,Austria,BRONZE,5,285.0,5.0,-1.0
2014,Austria,GOLD,4,290.0,5.0,-1.0
2014,Austria,SILVER,8,294.0,5.666666666666667,4.0
2016,Austria,BRONZE,1,302.0,4.333333333333333,-7.0
2018,Austria,BRONZE,6,303.0,5.0,5.0
2018,Austria,GOLD,5,309.0,4.0,-1.0
2018,Austria,SILVER,3,314.0,4.666666666666667,-2.0
2020,Austria,BRONZE,5,317.0,4.333333333333333,2.0
2020,Austria,GOLD,1,322.0,3.0,-4.0
2020,Austria,SILVER,1,323.0,2.3333333333333335,0.0
2022,Austria,BRONZE,4,324.0,2.0,3.0
2022,Austria,GOLD,7,328.0,4.0,3.0
2022,Austria,SILVER,7,335.0,6.0,0.0
1996,Azerbaijan,SILVER,1,342.0,0.0,0.0
2000,Azerbaijan,BRONZE,1,1.0,0.0,0.0
2000,Azerbaijan,GOLD,2,2.0,1.3333333333333333,1.0
2004,Azerbaijan,BRONZE,4,4.0,2.3333333333333335,2.0
2004,Azerbaijan,GOLD,1,8.0,2.3333333333333335,-3.0
2008,Azerbaijan,BRONZE,4,9.0,3.0,3.0
2008,Azerbaijan,GOLD,1,13.0,2.0,-3.0
2008,Azerbaijan,SILVER,1,14.0,2.0,0.0
2012,Azerbaijan,BRONZE,6,15.0,2.6666666666666665,5.0
2012,Azerbaijan,GOLD,2,21.0,3.0,-4.0
2012,Azerbaijan,SILVER,2,23.0,3.3333333333333335,0.0
2016,Azerbaijan,BRONZE,10,25.0,4.666666666666667,8.0
2016,Azerbaijan,GOLD,1,35.0,4.333333333333333,-9.0
2016,Azerbaijan,SILVER,7,36.0,6.0,6.0
2020,Azerbaijan,BRONZE,4,43.0,4.0,-3.0
2020,Azerbaijan,SILVER,3,47.0,4.666666666666667,-1.0
1956,Bahamas,BRONZE,1,50.0,0.0,0.0
1964,Bahamas,GOLD,1,1.0,0.0,0.0
1992,Bahamas,BRONZE,1,2.0,1.0,0.0
1996,Bahamas,SILVER,1,3.0,1.0,0.0
2000,Bahamas,BRONZE,1,4.0,1.0,0.0
2000,Bahamas,GOLD,2,5.0,1.3333333333333333,1.0
2004,Bahamas,BRONZE,1,7.0,1.3333333333333333,-1.0
2004,Bahamas,GOLD,1,8.0,1.3333333333333333,0.0
2008,Bahamas,BRONZE,1,9.0,1.0,0.0
2008,Bahamas,SILVER,1,10.0,1.0,0.0
2012,Bahamas,GOLD,1,11.0,1.0,0.0
2016,Bahamas,BRONZE,1,12.0,1.0,0.0
2016,Bahamas,GOLD,1,13.0,1.0,0.0
2020,Bahamas,GOLD,2,14.0,1.3333333333333333,1.0
2012,Bahrain,GOLD,1,16.0,0.0,0.0
2016,Bahrain,GOLD,1,1.0,0.0,0.0
2016,Bahrain,SILVER,1,2.0,1.0,0.0
2020,Bahrain,SILVER,1,3.0,1.0,0.0
2000,Barbados,BRONZE,1,4.0,0.0,0.0
1994,Belarus,SILVER,2,1.0,0.0,0.0
1996,Belarus,BRONZE,8,2.0,0.0,6.0
1996,Belarus,GOLD,1,10.0,3.6666666666666665,-7.0
1996,Belarus,SILVER,6,11.0,5.0,5.0
1998,Belarus,BRONZE,2,17.0,3.0,-4.0
2000,Belarus,BRONZE,11,19.0,6.333333333333333,9.0
2000,Belarus,GOLD,3,30.0,5.333333333333333,-8.0
2000,Belarus,SILVER,3,33.0,5.666666666666667,0.0
2002,Belarus,BRONZE,1,36.0,2.3333333333333335,-2.0
2004,Belarus,BRONZE,6,37.0,3.3333333333333335,5.0
2004,Belarus,GOLD,2,43.0,3.0,-4.0
2004,Belarus,SILVER,5,45.0,4.333333333333333,3.0
2006,Belarus,SILVER,1,50.0,2.6666666666666665,-4.0
2008,Belarus,BRONZE,7,51.0,4.333333333333333,6.0
2008,Belarus,GOLD,3,58.0,3.6666666666666665,-4.0
2008,Belarus,SILVER,4,61.0,4.666666666666667,1.0
2010,Belarus,BRONZE,1,65.0,2.6666666666666665,-3.0
2010,Belarus,GOLD,1,66.0,2.0,0.0
2010,Belarus,SILVER,1,67.0,1.0,0.0
2012,Belarus,BRONZE,3,68.0,1.6666666666666667,2.0
2012,Belarus,GOLD,2,71.0,2.0,-1.0
2012,Belarus,SILVER,5,73.0,3.3333333333333335,3.0
2014,Belarus,BRONZE,1,78.0,2.6666666666666665,-4.0
2014,Belarus,GOLD,5,79.0,3.6666666666666665,4.0
2016,Belarus,BRONZE,4,84.0,3.3333333333333335,-1.0
2016,Belarus,GOLD,1,88.0,3.3333333333333335,-3.0
2016,Belarus,SILVER,4,89.0,3.0,3.0
2018,Belarus,GOLD,2,93.0,2.3333333333333335,-2.0
2018,Belarus,SILVER,1,95.0,2.3333333333333335,-1.0
2020,Belarus,BRONZE,3,96.0,2.0,2.0
2020,Belarus,GOLD,1,99.0,1.6666666666666667,-2.0
2020,Belarus,SILVER,3,100.0,2.3333333333333335,2.0
2022,Belarus,SILVER,2,103.0,2.0,-1.0
1900,Belgium,BRONZE,4,105.0,0.0,0.0
1900,Belgium,GOLD,5,4.0,0.0,1.0
1900,Belgium,SILVER,7,9.0,5.333333333333333,2.0
1908,Belgium,BRONZE,2,16.0,4.666666666666667,-5.0
1908,Belgium,GOLD,1,18.0,3.3333333333333335,-1.0
1908,Belgium,SILVER,5,19.0,2.6666666666666665,4.0
1912,Belgium,BRONZE,3,24.0,3.0,-2.0
1912,Belgium,GOLD,2,27.0,3.3333333333333335,-1.0
1912,Belgium,SILVER,1,29.0,2.0,-1.0
1920,Belgium,BRONZE,11,30.0,4.666666666666667,10.0
1920,Belgium,GOLD,14,41.0,8.666666666666666,3.0
1920,Belgium,SILVER,11,55.0,12.0,-3.0
1924,Belgium,BRONZE,4,66.0,9.666666666666666,-7.0
1924,Belgium,GOLD,3,70.0,6.0,-1.0
1924,Belgium,SILVER,7,73.0,4.666666666666667,4.0
1928,Belgium,BRONZE,3,80.0,4.333333333333333,-4.0
1928,Belgium,SILVER,1,83.0,3.6666666666666665,-2.0
1936,Belgium,BRONZE,2,84.0,2.0,1.0
1948,Belgium,BRONZE,3,86.0,2.0,1.0
1948,Belgium,GOLD,3,89.0,2.6666666666666665,0.0
1948,Belgium,SILVER,3,92.0,3.0,0.0
1952,Belgium,GOLD,2,95.0,2.6666666666666665,-1.0
1952,Belgium,SILVER,2,97.0,2.3333333333333335,0.0
1956,Belgium,SILVER,2,99.0,2.0,0.0
1960,Belgium,BRONZE,2,101.0,2.0,0.0
1960,Belgium,SILVER,2,103.0,2.0,0.0
1964,Belgium,BRONZE,1,105.0,1.6666666666666667,-1.0
1964,Belgium,GOLD,2,106.0,1.6666666666666667,1.0
1968,Belgium,BRONZE,1,108.0,1.3333333333333333,-1.0
1968,Belgium,SILVER,1,109.0,1.3333333333333333,0.0
1972,Belgium,SILVER,2,110.0,1.3333333333333333,1.0
1976,Belgium,BRONZE,3,112.0,2.0,1.0
1976,Belgium,SILVER,3,115.0,2.6666666666666665,0.0
1980,Belgium,GOLD,1,118.0,2.3333333333333335,-2.0
1984,Belgium,BRONZE,2,119.0,2.0,1.0
1984,Belgium,GOLD,1,121.0,1.3333333333333333,-1.0
1984,Belgium,SILVER,1,122.0,1.3333333333333333,0.0
1988,Belgium,BRONZE,2,123.0,1.3333333333333333,1.0
1992,Belgium,BRONZE,2,125.0,1.6666666666666667,0.0
1992,Belgium,SILVER,1,127.0,1.6666666666666667,-1.0
1996,Belgium,BRONZE,2,128.0,1.6666666666666667,1.0
1996,Belgium,GOLD,2,130.0,1.6666666666666667,0.0
1996,Belgium,SILVER,2,132.0,2.0,0.0
1998,Belgium,BRONZE,1,134.0,1.6666666666666667,-1.0
2000,Belgium,BRONZE,3,135.0,2.0,2.0
2000,Belgium,SILVER,2,138.0,2.0,-1.0
2004,Belgium,BRONZE,2,140.0,2.3333333333333335,0.0
2004,Belgium,GOLD,1,142.0,1.6666666666666667,-1.0
2008,Belgium,GOLD,2,143.0,1.6666666666666667,1.0
2012,Belgium,BRONZE,2,145.0,1.6666666666666667,0.0
2012,Belgium,SILVER,1,147.0,1.6666666666666667,-1.0
2016,Belgium,BRONZE,2,148.0,1.6666666666666667,1.0
2016,Belgium,GOLD,2,150.0,1.6666666666666667,0.0
2016,Belgium,SILVER,2,152.0,2.0,0.0
2018,Belgium,SILVER,1,154.0,1.6666666666666667,-1.0
2020,Belgium,BRONZE,3,155.0,2.0,2.0
2020,Belgium,GOLD,3,158.0,2.3333333333333335,0.0
2020,Belgium,SILVER,1,161.0,2.3333333333333335,-2.0
2022,Belgium,BRONZE,1,162.0,1.6666666666666667,0.0
2022,Belgium,GOLD,1,163.0,1.0,0.0
1976,Bermuda,BRONZE,1,164.0,0.0,0.0
2020,Bermuda,GOLD,1,1.0,0.0,0.0
1900,Bohemia,BRONZE,1,2.0,0.0,0.0
1900,Bohemia,SILVER,1,1.0,0.0,0.0
1908,Bohemia,BRONZE,2,2.0,1.3333333333333333,1.0
2012,Botswana,SILVER,1,4.0,0.0,0.0
2020,Botswana,BRONZE,1,1.0,0.0,0.0
1920,Brazil,BRONZE,1,2.0,0.0,0.0
1920,Brazil,GOLD,1,1.0,0.0,0.0
1920,Brazil,SILVER,1,2.0,1.0,0.0
1948,Brazil,BRONZE,1,3.0,1.0,0.0
1952,Brazil,BRONZE,2,4.0,1.3333333333333333,1.0
1952,Brazil,GOLD,1,6.0,1.3333333333333333,-1.0
1956,Brazil,GOLD,1,7.0,1.3333333333333333,0.0
1960,Brazil,BRONZE,2,8.0,1.3333333333333333,1.0
1964,Brazil,BRONZE,1,10.0,1.3333333333333333,-1.0
1968,Brazil,BRONZE,2,11.0,1.6666666666666667,1.0
1968,Brazil,SILVER,1,13.0,1.3333333333333333,-1.0
1972,Brazil,BRONZE,2,14.0,1.6666666666666667,1.0
1976,Brazil,BRONZE,2,16.0,1.6666666666666667,0.0
1980,Brazil,BRONZE,2,18.0,2.0,0.0
1980,Brazil,GOLD,2,20.0,2.0,0.0
1984,Brazil,BRONZE,2,22.0,2.0,0.0
1984,Brazil,GOLD,1,24.0,1.6666666666666667,-1.0
1984,Brazil,SILVER,5,25.0,2.6666666666666665,4.0
1988,Brazil,BRONZE,3,30.0,3.0,-2.0
1988,Brazil,GOLD,1,33.0,3.0,-2.0
1988,Brazil,SILVER,2,34.0,2.0,1.0
1992,Brazil,GOLD,2,36.0,1.6666666666666667,0.0
1992,Brazil,SILVER,1,38.0,1.6666666666666667,-1.0
1996,Brazil,BRONZE,9,39.0,4.0,8.0
1996,Brazil,GOLD,3,48.0,4.333333333333333,-6.0
1996,Brazil,SILVER,3,51.0,5.0,0.0
2000,Brazil,BRONZE,6,54.0,4.0,3.0
2000,Brazil,SILVER,6,60.0,5.0,0.0
2004,Brazil,BRONZE,3,66.0,5.0,-3.0
2004,Brazil,GOLD,5,69.0,4.666666666666667,2.0
2004,Brazil,SILVER,2,74.0,3.3333333333333335,-3.0
2008,Brazil,BRONZE,10,76.0,5.666666666666667,8.0
2008,Brazil,GOLD,3,86.0,5.0,-7.0
2008,Brazil,SILVER,4,89.0,5.666666666666667,1.0
2012,Brazil,BRONZE,9,93.0,5.333333333333333,5.0
2012,Brazil,GOLD,3,102.0,5.333333333333333,-6.0
2012,Brazil,SILVER,5,105.0,5.666666666666667,2.0
2016,Brazil,BRONZE,6,110.0,4.666666666666667,1.0
2016,Brazil,GOLD,7,116.0,6.0,1.0
2016,Brazil,SILVER,6,123.0,6.333333333333333,-1.0
2020,Brazil,BRONZE,8,129.0,7.0,2.0
2020,Brazil,GOLD,7,137.0,7.0,-1.0
2020,Brazil,SILVER,6,144.0,7.0,-1.0
1952,Bulgaria,BRONZE,1,150.0,0.0,0.0
1956,Bulgaria,BRONZE,1,1.0,0.0,0.0
1956,Bulgaria,GOLD,1,2.0,1.0,0.0
1956,Bulgaria,SILVER,3,3.0,1.6666666666666667,2.0
1960,Bulgaria,BRONZE,3,6.0,2.3333333333333335,0.0
1960,Bulgaria,GOLD,1,9.0,2.3333333333333335,-2.0
1960,Bulgaria,SILVER,3,10.0,2.3333333333333335,2.0
1964,Bulgaria,BRONZE,2,13.0,2.0,-1.0
1964,Bulgaria,GOLD,3,15.0,2.6666666666666665,1.0
1964,Bulgaria,SILVER,5,18.0,3.3333333333333335,2.0
1968,Bulgaria,BRONZE,3,23.0,3.6666666666666665,-2.0
1968,Bulgaria,GOLD,2,26.0,3.3333333333333335,-1.0
1968,Bulgaria,SILVER,4,28.0,3.0,2.0
1972,Bulgaria,BRONZE,5,32.0,3.6666666666666665,1.0
1972,Bulgaria,GOLD,6,37.0,5.0,1.0
1972,Bulgaria,SILVER,10,43.0,7.0,4.0
1976,Bulgaria,BRONZE,7,53.0,7.666666666666667,-3.0
1976,Bulgaria,GOLD,6,60.0,7.666666666666667,-1.0
1976,Bulgaria,SILVER,9,66.0,7.333333333333333,3.0
1980,Bulgaria,BRONZE,18,75.0,11.0,9.0
1980,Bulgaria,GOLD,8,93.0,11.666666666666666,-10.0
1980,Bulgaria,SILVER,16,101.0,14.0,8.0
1988,Bulgaria,BRONZE,13,117.0,12.333333333333334,-3.0
1988,Bulgaria,GOLD,10,130.0,13.0,-3.0
1988,Bulgaria,SILVER,12,140.0,11.666666666666666,2.0
1992,Bulgaria,BRONZE,6,152.0,9.333333333333334,-6.0
1992,Bulgaria,GOLD,3,158.0,7.0,-3.0
1992,Bulgaria,SILVER,7,161.0,5.333333333333333,4.0
1996,Bulgaria,BRONZE,5,168.0,5.0,-2.0
1996,Bulgaria,GOLD,3,173.0,5.0,-2.0
1996,Bulgaria,SILVER,7,176.0,5.0,4.0
1998,Bulgaria,GOLD,1,183.0,3.6666666666666665,-6.0
2000,Bulgaria,BRONZE,2,184.0,3.3333333333333335,1.0
2000,Bulgaria,GOLD,5,186.0,2.6666666666666665,3.0
2000,Bulgaria,SILVER,6,191.0,4.333333333333333,1.0
2002,Bulgaria,BRONZE,2,197.0,4.333333333333333,-4.0
2002,Bulgaria,SILVER,1,199.0,3.0,-1.0
2004,Bulgaria,BRONZE,9,200.0,4.0,8.0
2004,Bulgaria,GOLD,2,209.0,4.0,-7.0
2004,Bulgaria,SILVER,1,211.0,4.0,-1.0
2006,Bulgaria,SILVER,1,212.0,1.3333333333333333,0.0
2008,Bulgaria,BRONZE,3,213.0,1.6666666666666667,2.0
2008,Bulgaria,GOLD,1,216.0,1.6666666666666667,-2.0
2008,Bulgaria,SILVER,1,217.0,1.6666666666666667,0.0
2012,Bulgaria,BRONZE,1,218.0,1.0,0.0
2012,Bulgaria,SILVER,2,219.0,1.3333333333333333,1.0
2016,Bulgaria,BRONZE,2,221.0,1.6666666666666667,0.0
2016,Bulgaria,SILVER,1,223.0,1.6666666666666667,-1.0
2020,Bulgaria,BRONZE,2,224.0,1.6666666666666667,1.0
2020,Bulgaria,GOLD,3,226.0,2.0,1.0
2020,Bulgaria,SILVER,1,229.0,2.0,-2.0
2020,Burkina Faso,BRONZE,1,230.0,0.0,0.0
1996,Burundi,GOLD,1,1.0,0.0,0.0
2016,Burundi,SILVER,1,1.0,0.0,0.0
1968,Cameroon,SILVER,1,2.0,0.0,0.0
1984,Cameroon,BRONZE,1,1.0,0.0,0.0
2000,Cameroon,GOLD,1,2.0,1.0,0.0
2004,Cameroon,GOLD,1,3.0,1.0,0.0
2008,Cameroon,GOLD,1,4.0,1.0,0.0
2012,Cameroon,BRONZE,1,5.0,1.0,0.0
1900,Canada,BRONZE,1,6.0,0.0,0.0
1900,Canada,GOLD,1,1.0,0.0,0.0
1904,Canada,BRONZE,1,2.0,1.0,0.0
1904,Canada,GOLD,4,3.0,2.0,3.0
1904,Canada,SILVER,1,7.0,2.0,-3.0
1908,Canada,BRONZE,10,8.0,5.0,9.0
1908,Canada,GOLD,3,18.0,4.666666666666667,-7.0
1908,Canada,SILVER,3,21.0,5.333333333333333,0.0
1912,Canada,BRONZE,3,24.0,3.0,0.0
1912,Canada,GOLD,3,27.0,3.0,0.0
1912,Canada,SILVER,2,30.0,2.6666666666666665,-1.0
1920,Canada,BRONZE,3,32.0,2.6666666666666665,1.0
1920,Canada,GOLD,3,35.0,2.6666666666666665,0.0
1920,Canada,SILVER,3,38.0,3.0,0.0
1924,Canada,BRONZE,1,41.0,2.3333333333333335,-2.0
1924,Canada,GOLD,1,42.0,1.6666666666666667,0.0
1924,Canada,SILVER,3,43.0,1.6666666666666667,2.0
1928,Canada,BRONZE,7,46.0,3.6666666666666665,4.0
1928,Canada,GOLD,5,53.0,5.0,-2.0
1928,Canada,SILVER,4,58.0,5.333333333333333,-1.0
1932,Canada,BRONZE,13,62.0,7.333333333333333,9.0
1932,Canada,GOLD,3,75.0,6.666666666666667,-10.0
1932,Canada,SILVER,6,78.0,7.333333333333333,3.0
1936,Canada,BRONZE,5,84.0,4.666666666666667,-1.0
1936,Canada,GOLD,1,89.0,4.0,-4.0
1936,Canada,SILVER,3,90.0,3.0,2.0
1948,Canada,BRONZE,3,93.0,2.3333333333333335,0.0
1948,Canada,GOLD,2,96.0,2.6666666666666665,-1.0
1948,Canada,SILVER,1,98.0,2.0,-1.0
1952,Canada,BRONZE,1,99.0,1.3333333333333333,0.0
1952,Canada,GOLD,2,100.0,1.3333333333333333,1.0
1952,Canada,SILVER,1,102.0,1.3333333333333333,-1.0
1956,Canada,BRONZE,4,103.0,2.3333333333333335,3.0
1956,Canada,GOLD,2,107.0,2.3333333333333335,-2.0
1956,Canada,SILVER,2,109.0,2.6666666666666665,0.0
1960,Canada,BRONZE,1,111.0,1.6666666666666667,-1.0
1960,Canada,GOLD,2,112.0,1.6666666666666667,1.0
1960,Canada,SILVER,2,114.0,1.6666666666666667,0.0
1964,Canada,BRONZE,2,116.0,2.0,0.0
1964,Canada,GOLD,2,118.0,2.0,0.0
1964,Canada,SILVER,3,120.0,2.3333333333333335,1.0
1968,Canada,BRONZE,2,123.0,2.3333333333333335,-1.0
1968,Canada,GOLD,2,125.0,2.3333333333333335,0.0
1968,Canada,SILVER,4,127.0,2.6666666666666665,2.0
1972,Canada,BRONZE,3,131.0,3.0,-1.0
1972,Canada,SILVER,3,134.0,3.3333333333333335,0.0
1976,Canada,BRONZE,7,137.0,4.333333333333333,4.0
1976,Canada,GOLD,1,144.0,3.6666666666666665,-6.0
1976,Canada,SILVER,6,145.0,4.666666666666667,5.0
1980,Canada,BRONZE,1,151.0,2.6666666666666665,-5.0
1980,Canada,SILVER,1,152.0,2.6666666666666665,0.0
1984,Canada,BRONZE,17,153.0,6.333333333333333,16.0
1984,Canada,GOLD,12,170.0,10.0,-5.0
1984,Canada,SILVER,19,182.0,16.0,7.0
1988,Canada,BRONZE,8,201.0,13.0,-11.0
1988,Canada,GOLD,3,209.0,10.0,-5.0
1988,Canada,SILVER,4,212.0,5.0,1.0
1992,Canada,BRONZE,9,216.0,5.333333333333333,5.0
1992,Canada,GOLD,9,225.0,7.333333333333333,0.0
1992,Canada,SILVER,7,234.0,8.333333333333334,-2.0
1994,Canada,BRONZE,4,241.0,6.666666666666667,-3.0
1994,Canada,GOLD,3,245.0,4.666666666666667,-1.0
1994,Canada,SILVER,6,248.0,4.333333333333333,3.0
1996,Canada,BRONZE,8,254.0,5.666666666666667,2.0
1996,Canada,GOLD,3,262.0,5.666666666666667,-5.0
1996,Canada,SILVER,11,265.0,7.333333333333333,8.0
1998,Canada,BRONZE,4,276.0,6.0,-7.0
1998,Canada,GOLD,6,280.0,7.0,2.0
1998,Canada,SILVER,5,286.0,5.0,-1.0
2000,Canada,BRONZE,8,291.0,6.333333333333333,3.0
2000,Canada,GOLD,3,299.0,5.333333333333333,-5.0
2000,Canada,SILVER,3,302.0,4.666666666666667,0.0
2002,Canada,BRONZE,7,305.0,4.333333333333333,4.0
2002,Canada,GOLD,7,312.0,5.666666666666667,0.0
2002,Canada,SILVER,3,319.0,5.666666666666667,-4.0
2004,Canada,BRONZE,3,322.0,4.333333333333333,0.0
2004,Canada,GOLD,3,325.0,3.0,0.0
2004,Canada,SILVER,6,328.0,4.0,3.0
2006,Canada,BRONZE,7,334.0,5.333333333333333,1.0
2006,Canada,GOLD,7,341.0,6.666666666666667,0.0
2006,Canada,SILVER,10,348.0,8.0,3.0
2008,Canada,BRONZE,8,358.0,8.333333333333334,-2.0
2008,Canada,GOLD,3,366.0,7.0,-5.0
2008,Canada,SILVER,9,369.0,6.666666666666667,6.0
2010,Canada,BRONZE,5,378.0,5.666666666666667,-4.0
2010,Canada,GOLD,14,383.0,9.333333333333334,9.0
2010,Canada,SILVER,7,397.0,8.666666666666666,-7.0
2012,Canada,BRONZE,10,404.0,10.333333333333334,3.0
2012,Canada,GOLD,2,414.0,6.333333333333333,-8.0
2012,Canada,SILVER,6,416.0,6.0,4.0
2014,Canada,BRONZE,5,422.0,4.333333333333333,-1.0
2014,Canada,GOLD,10,427.0,7.0,5.0
2014,Canada,SILVER,10,437.0,8.333333333333334,0.0
2016,Canada,BRONZE,15,447.0,11.666666666666666,5.0
2016,Canada,GOLD,4,462.0,9.666666666666666,-11.0
2016,Canada,SILVER,3,466.0,7.333333333333333,-1.0
2018,Canada,BRONZE,10,469.0,5.666666666666667,7.0
2018,Canada,GOLD,11,479.0,8.0,1.0
2018,Canada,SILVER,8,490.0,9.666666666666666,-3.0
2020,Canada,BRONZE,11,498.0,10.0,3.0
2020,Canada,GOLD,7,509.0,8.666666666666666,-4.0
2020,Canada,SILVER,6,516.0,8.0,-1.0
2022,Canada,BRONZE,14,522.0,9.0,8.0
2022,Canada,GOLD,4,536.0,8.0,-10.0
2022,Canada,SILVER,8,540.0,8.666666666666666,4.0
1928,Chile,SILVER,1,548.0,0.0,0.0
1952,Chile,SILVER,2,1.0,0.0,1.0
1956,Chile,BRONZE,2,3.0,1.6666666666666667,0.0
1956,Chile,SILVER,2,5.0,2.0,0.0
1988,Chile,SILVER,1,7.0,1.6666666666666667,-1.0
2000,Chile,BRONZE,1,8.0,1.3333333333333333,0.0
2004,Chile,BRONZE,1,9.0,1.0,0.0
2004,Chile,GOLD,2,10.0,1.3333333333333333,1.0
2008,Chile,SILVER,1,12.0,1.3333333333333333,-1.0
1960,Chinese Taipei,SILVER,1,13.0,0.0,0.0
1968,Chinese Taipei,BRONZE,1,1.0,0.0,0.0
1984,Chinese Taipei,BRONZE,1,2.0,1.0,0.0
1992,Chinese Taipei,SILVER,1,3.0,1.0,0.0
1996,Chinese Taipei,SILVER,1,4.0,1.0,0.0
2000,Chinese Taipei,BRONZE,4,5.0,2.0,3.0
2000,Chinese Taipei,SILVER,1,9.0,2.0,-3.0
2004,Chinese Taipei,BRONZE,1,10.0,2.0,0.0
2004,Chinese Taipei,GOLD,2,11.0,1.3333333333333333,1.0
2004,Chinese Taipei,SILVER,2,13.0,1.6666666666666667,0.0
2008,Chinese Taipei,BRONZE,2,15.0,2.0,0.0
2008,Chinese Taipei,GOLD,1,17.0,1.6666666666666667,-1.0
2008,Chinese Taipei,SILVER,1,18.0,1.3333333333333333,0.0
2012,Chinese Taipei,BRONZE,1,19.0,1.0,0.0
2012,Chinese Taipei,GOLD,1,20.0,1.0,0.0
2016,Chinese Taipei,BRONZE,2,21.0,1.3333333333333333,1.0
2016,Chinese Taipei,GOLD,1,23.0,1.3333333333333333,-1.0
2020,Chinese Taipei,BRONZE,6,24.0,3.0,5.0
2020,Chinese Taipei,GOLD,2,30.0,3.0,-4.0
2020,Chinese Taipei,SILVER,4,32.0,4.0,2.0
1972,Colombia,BRONZE,2,36.0,0.0,0.0
1972,Colombia,SILVER,1,2.0,0.0,-1.0
1984,Colombia,SILVER,1,3.0,1.3333333333333333,0.0
1988,Colombia,BRONZE,1,4.0,1.0,0.0
1992,Colombia,BRONZE,1,5.0,1.0,0.0
2000,Colombia,GOLD,1,6.0,1.0,0.0
2004,Colombia,BRONZE,2,7.0,1.3333333333333333,1.0
2008,Colombia,BRONZE,1,9.0,1.3333333333333333,-1.0
2008,Colombia,SILVER,2,10.0,1.6666666666666667,1.0
2012,Colombia,BRONZE,5,12.0,2.6666666666666665,3.0
2012,Colombia,GOLD,1,17.0,2.6666666666666665,-4.0
2012,Colombia,SILVER,3,18.0,3.0,2.0
2016,Colombia,BRONZE,3,21.0,2.3333333333333335,0.0
2016,Colombia,GOLD,3,24.0,3.0,0.0
2016,Colombia,SILVER,2,27.0,2.6666666666666665,-1.0
2020,Colombia,BRONZE,1,29.0,2.0,-1.0
2020,Colombia,SILVER,4,30.0,2.3333333333333335,3.0
1988,Costa Rica,SILVER,1,34.0,0.0,0.0
1996,Costa Rica,GOLD,1,1.0,0.0,0.0
2000,Costa Rica,BRONZE,2,2.0,1.3333333333333333,1.0
1992,Croatia,BRONZE,2,4.0,0.0,0.0
1992,Croatia,SILVER,1,2.0,0.0,-1.0
1996,Croatia,GOLD,1,3.0,1.3333333333333333,0.0
1996,Croatia,SILVER,1,4.0,1.0,0.0
2000,Croatia,BRONZE,1,5.0,1.0,0.0
2000,Croatia,GOLD,1,6.0,1.0,0.0
2002,Croatia,GOLD,3,7.0,1.6666666666666667,2.0
2002,Croatia,SILVER,1,10.0,1.6666666666666667,-2.0
2004,Croatia,BRONZE,2,11.0,2.0,1.0
2004,Croatia,GOLD,1,13.0,1.3333333333333333,-1.0
2004,Croatia,SILVER,2,14.0,1.6666666666666667,1.0
2006,Croatia,GOLD,1,16.0,1.3333333333333333,-1.0
2006,Croatia,SILVER,2,17.0,1.6666666666666667,1.0
2008,Croatia,BRONZE,3,19.0,2.0,1.0
2008,Croatia,SILVER,2,22.0,2.3333333333333335,-1.0
2010,Croatia,BRONZE,1,24.0,2.0,-1.0
2010,Croatia,SILVER,2,25.0,1.6666666666666667,1.0
2012,Croatia,BRONZE,2,27.0,1.6666666666666667,0.0
2012,Croatia,GOLD,3,29.0,2.3333333333333335,1.0
2012,Croatia,SILVER,1,32.0,2.0,-2.0
2014,Croatia,SILVER,1,33.0,1.6666666666666667,0.0
2016,Croatia,BRONZE,2,34.0,1.3333333333333333,1.0
2016,Croatia,GOLD,5,36.0,2.6666666666666665,3.0
2016,Croatia,SILVER,3,41.0,3.3333333333333335,-2.0
2020,Croatia,BRONZE,2,44.0,3.3333333333333335,-1.0
2020,Croatia,GOLD,3,46.0,2.6666666666666665,1.0
2020,Croatia,SILVER,3,49.0,2.6666666666666665,0.0
1900,Cuba,GOLD,1,52.0,0.0,0.0
1900,Cuba,SILVER,1,1.0,0.0,0.0
1904,Cuba,GOLD,3,2.0,1.6666666666666667,2.0
1948,Cuba,SILVER,1,5.0,1.6666666666666667,-2.0
1964,Cuba,SILVER,1,6.0,1.6666666666666667,0.0
1968,Cuba,SILVER,4,7.0,2.0,3.0
1972,Cuba,BRONZE,4,11.0,3.0,0.0
1972,Cuba,GOLD,3,15.0,3.6666666666666665,-1.0
1972,Cuba,SILVER,1,18.0,2.6666666666666665,-2.0
1976,Cuba,BRONZE,3,19.0,2.3333333333333335,2.0
1976,Cuba,GOLD,6,22.0,3.3333333333333335,3.0
1976,Cuba,SILVER,4,28.0,4.333333333333333,-2.0
1980,Cuba,BRONZE,5,32.0,5.0,1.0
1980,Cuba,GOLD,8,37.0,5.666666666666667,3.0
1980,Cuba,SILVER,7,45.0,6.666666666666667,-1.0
1992,Cuba,BRONZE,11,52.0,8.666666666666666,4.0
1992,Cuba,GOLD,14,63.0,10.666666666666666,3.0
1992,Cuba,SILVER,6,77.0,10.333333333333334,-8.0
1996,Cuba,BRONZE,8,83.0,9.333333333333334,2.0
1996,Cuba,GOLD,9,91.0,7.666666666666667,1.0
1996,Cuba,SILVER,8,100.0,8.333333333333334,-1.0
2000,Cuba,BRONZE,7,108.0,8.0,-1.0
2000,Cuba,GOLD,11,115.0,8.666666666666666,4.0
2000,Cuba,SILVER,11,126.0,9.666666666666666,0.0
2004,Cuba,BRONZE,11,137.0,11.0,0.0
2004,Cuba,GOLD,9,148.0,10.333333333333334,-2.0
2004,Cuba,SILVER,7,157.0,9.0,-2.0
2008,Cuba,BRONZE,17,164.0,11.0,10.0
2008,Cuba,GOLD,3,181.0,9.0,-14.0
2008,Cuba,SILVER,10,184.0,10.0,7.0
2012,Cuba,BRONZE,7,194.0,6.666666666666667,-3.0
2012,Cuba,GOLD,5,201.0,7.333333333333333,-2.0
2012,Cuba,SILVER,3,206.0,5.0,-2.0
2016,Cuba,BRONZE,4,209.0,4.0,1.0
2016,Cuba,GOLD,5,213.0,4.0,1.0
2016,Cuba,SILVER,2,218.0,3.6666666666666665,-3.0
2020,Cuba,BRONZE,5,220.0,4.0,3.0
2020,Cuba,GOLD,7,225.0,4.666666666666667,2.0
2020,Cuba,SILVER,3,232.0,5.0,-4.0
2012,Cyprus,SILVER,1,235.0,0.0,0.0
1996,Czech Republic,BRONZE,4,1.0,0.0,0.0
1996,Czech Republic,GOLD,4,4.0,0.0,0.0
1996,Czech Republic,SILVER,3,8.0,3.6666666666666665,-1.0
1998,Czech Republic,BRONZE,1,11.0,2.6666666666666665,-2.0
1998,Czech Republic,GOLD,1,12.0,1.6666666666666667,0.0
1998,Czech Republic,SILVER,1,13.0,1.0,0.0
2000,Czech Republic,BRONZE,3,14.0,1.6666666666666667,2.0
2000,Czech Republic,GOLD,2,17.0,2.0,-1.0
2000,Czech Republic,SILVER,3,19.0,2.6666666666666665,1.0
2002,Czech Republic,GOLD,1,22.0,2.0,-2.0
2002,Czech Republic,SILVER,2,23.0,2.0,1.0
2004,Czech Republic,BRONZE,5,25.0,2.6666666666666665,3.0
2004,Czech Republic,GOLD,1,30.0,2.6666666666666665,-4.0
2004,Czech Republic,SILVER,3,31.0,3.0,2.0
2006,Czech Republic,BRONZE,1,34.0,1.6666666666666667,-2.0
2006,Czech Republic,GOLD,1,35.0,1.6666666666666667,0.0
2006,Czech Republic,SILVER,2,36.0,1.3333333333333333,1.0
2008,Czech Republic,BRONZE,1,38.0,1.3333333333333333,-1.0
2008,Czech Republic,GOLD,3,39.0,2.0,2.0
2008,Czech Republic,SILVER,3,42.0,2.3333333333333335,0.0
2010,Czech Republic,BRONZE,4,45.0,3.3333333333333335,1.0
2010,Czech Republic,GOLD,2,49.0,3.0,-2.0
2012,Czech Republic,BRONZE,4,51.0,3.3333333333333335,2.0
2012,Czech Republic,GOLD,4,55.0,3.3333333333333335,0.0
2012,Czech Republic,SILVER,3,59.0,3.6666666666666665,-1.0
2014,Czech Republic,BRONZE,2,62.0,3.0,-1.0
2014,Czech Republic,GOLD,2,64.0,2.3333333333333335,0.0
2014,Czech Republic,SILVER,4,66.0,2.6666666666666665,2.0
2016,Czech Republic,BRONZE,7,70.0,4.333333333333333,3.0
2016,Czech Republic,GOLD,1,77.0,4.0,-6.0
2016,Czech Republic,SILVER,2,78.0,3.3333333333333335,1.0
2018,Czech Republic,BRONZE,3,80.0,2.0,1.0
2018,Czech Republic,GOLD,2,83.0,2.3333333333333335,-1.0
2018,Czech Republic,SILVER,2,85.0,2.3333333333333335,0.0
2020,Czech Republic,BRONZE,3,87.0,2.3333333333333335,1.0
2020,Czech Republic,GOLD,4,90.0,3.0,1.0
2020,Czech Republic,SILVER,4,94.0,3.6666666666666665,0.0
2022,Czech Republic,BRONZE,1,98.0,3.0,-3.0
2022,Czech Republic,GOLD,1,99.0,2.0,0.0
1920,Czechoslovakia,BRONZE,2,100.0,0.0,0.0
1924,Czechoslovakia,BRONZE,5,2.0,0.0,3.0
1924,Czechoslovakia,GOLD,1,7.0,2.6666666666666665,-4.0
1924,Czechoslovakia,SILVER,4,8.0,3.3333333333333335,3.0
1928,Czechoslovakia,BRONZE,3,12.0,2.6666666666666665,-1.0
1928,Czechoslovakia,GOLD,2,15.0,3.0,-1.0
1928,Czechoslovakia,SILVER,5,17.0,3.3333333333333335,3.0
1932,Czechoslovakia,BRONZE,1,22.0,2.6666666666666665,-4.0
1932,Czechoslovakia,GOLD,1,23.0,2.3333333333333335,0.0
1932,Czechoslovakia,SILVER,2,24.0,1.3333333333333333,1.0
1936,Czechoslovakia,GOLD,2,26.0,1.6666666666666667,0.0
1936,Czechoslovakia,SILVER,5,28.0,3.0,3.0
1948,Czechoslovakia,BRONZE,3,33.0,3.3333333333333335,-2.0
1948,Czechoslovakia,GOLD,6,36.0,4.666666666666667,3.0
1948,Czechoslovakia,SILVER,3,42.0,4.0,-3.0
1952,Czechoslovakia,BRONZE,2,45.0,3.6666666666666665,-1.0
1952,Czechoslovakia,GOLD,7,47.0,4.0,5.0
1952,Czechoslovakia,SILVER,3,54.0,4.0,-4.0
1956,Czechoslovakia,BRONZE,1,57.0,3.6666666666666665,-2.0
1956,Czechoslovakia,GOLD,1,58.0,1.6666666666666667,0.0
1956,Czechoslovakia,SILVER,4,59.0,2.0,3.0
1960,Czechoslovakia,BRONZE,3,63.0,2.6666666666666665,-1.0
1960,Czechoslovakia,GOLD,3,66.0,3.3333333333333335,0.0
1960,Czechoslovakia,SILVER,3,69.0,3.0,0.0
1964,Czechoslovakia,BRONZE,4,72.0,3.3333333333333335,1.0
1964,Czechoslovakia,GOLD,5,76.0,4.0,1.0
1964,Czechoslovakia,SILVER,6,81.0,5.0,1.0
1968,Czechoslovakia,BRONZE,5,87.0,5.333333333333333,-1.0
1968,Czechoslovakia,GOLD,8,92.0,6.333333333333333,3.0
1968,Czechoslovakia,SILVER,4,100.0,5.666666666666667,-4.0
1972,Czechoslovakia,BRONZE,4,104.0,5.333333333333333,0.0
1972,Czechoslovakia,GOLD,3,108.0,3.6666666666666665,-1.0
1972,Czechoslovakia,SILVER,4,111.0,3.6666666666666665,1.0
1976,Czechoslovakia,BRONZE,4,115.0,3.6666666666666665,0.0
1976,Czechoslovakia,GOLD,2,119.0,3.3333333333333335,-2.0
1976,Czechoslovakia,SILVER,3,121.0,3.0,1.0
1980,Czechoslovakia,BRONZE,10,124.0,5.0,7.0
1980,Czechoslovakia,GOLD,2,134.0,5.0,-8.0
1980,Czechoslovakia,SILVER,3,136.0,5.0,1.0
1984,Czechoslovakia,BRONZE,4,139.0,3.0,1.0
1984,Czechoslovakia,SILVER,2,143.0,3.0,-2.0
1988,Czechoslovakia,BRONZE,4,145.0,3.3333333333333335,2.0
1988,Czechoslovakia,GOLD,3,149.0,3.0,-1.0
1988,Czechoslovakia,SILVER,4,152.0,3.6666666666666665,1.0
1992,Czechoslovakia,BRONZE,4,156.0,3.6666666666666665,0.0
1992,Czechoslovakia,GOLD,4,160.0,4.0,0.0
1992,Czechoslovakia,SILVER,2,164.0,3.3333333333333335,-2.0
1984,Côte d'Ivoire,SILVER,1,166.0,0.0,0.0
2016,Côte d'Ivoire,BRONZE,1,1.0,0.0,0.0
2016,Côte d'Ivoire,GOLD,1,2.0,1.0,0.0
2020,Côte d'Ivoire,BRONZE,1,3.0,1.0,0.0
1964,Democratic People's Republic of Korea,SILVER,1,4.0,0.0,0.0
1972,Democratic People's Republic of Korea,BRONZE,3,1.0,0.0,2.0
1972,Democratic People's Republic of Korea,GOLD,1,4.0,1.6666666666666667,-2.0
1972,Democratic People's Republic of Korea,SILVER,1,5.0,1.6666666666666667,0.0
1976,Democratic People's Republic of Korea,GOLD,1,6.0,1.0,0.0
1976,Democratic People's Republic of Korea,SILVER,1,7.0,1.0,0.0
1980,Democratic People's Republic of Korea,BRONZE,2,8.0,1.3333333333333333,1.0
1980,Democratic People's Republic of Korea,SILVER,3,10.0,2.0,1.0
1992,Democratic People's Republic of Korea,BRONZE,6,13.0,3.6666666666666665,3.0
1992,Democratic People's Republic of Korea,GOLD,4,19.0,4.333333333333333,-2.0
1996,Democratic People's Republic of Korea,BRONZE,2,23.0,4.0,-2.0
1996,Democratic People's Republic of Korea,GOLD,2,25.0,2.6666666666666665,0.0
1996,Democratic People's Republic of Korea,SILVER,1,27.0,1.6666666666666667,-1.0
2000,Democratic People's Republic of Korea,BRONZE,3,28.0,2.0,2.0
2000,Democratic People's Republic of Korea,SILVER,1,31.0,1.6666666666666667,-2.0
2004,Democratic People's Republic of Korea,BRONZE,1,32.0,1.6666666666666667,0.0
2004,Democratic People's Republic of Korea,SILVER,4,33.0,2.0,3.0
2008,Democratic People's Republic of Korea,BRONZE,2,37.0,2.3333333333333335,-2.0
2008,Democratic People's Republic of Korea,GOLD,2,39.0,2.6666666666666665,0.0
2008,Democratic People's Republic of Korea,SILVER,2,41.0,2.0,0.0
2012,Democratic People's Republic of Korea,BRONZE,3,43.0,2.3333333333333335,1.0
2012,Democratic People's Republic of Korea,GOLD,4,46.0,3.0,1.0
2016,Democratic People's Republic of Korea,BRONZE,2,50.0,3.0,-2.0
2016,Democratic People's Republic of Korea,GOLD,2,52.0,2.6666666666666665,0.0
2016,Democratic People's Republic of Korea,SILVER,3,54.0,2.3333333333333335,1.0
1896,Denmark,BRONZE,3,57.0,0.0,0.0
1896,Denmark,GOLD,1,3.0,0.0,-2.0
1896,Denmark,SILVER,2,4.0,2.0,1.0
1900,Denmark,BRONZE,2,6.0,1.6666666666666667,0.0
1900,Denmark,GOLD,1,8.0,1.6666666666666667,-1.0
1900,Denmark,SILVER,3,9.0,2.0,2.0
1908,Denmark,BRONZE,3,12.0,2.3333333333333335,0.0
1908,Denmark,SILVER,2,15.0,2.6666666666666665,-1.0
1912,Denmark,BRONZE,5,17.0,3.3333333333333335,3.0
1912,Denmark,GOLD,1,22.0,2.6666666666666665,-4.0
1912,Denmark,SILVER,6,23.0,4.0,5.0
1920,Denmark,BRONZE,1,29.0,2.6666666666666665,-5.0
1920,Denmark,GOLD,3,30.0,3.3333333333333335,2.0
1920,Denmark,SILVER,9,33.0,4.333333333333333,6.0
1924,Denmark,BRONZE,2,42.0,4.666666666666667,-7.0
1924,Denmark,GOLD,2,44.0,4.333333333333333,0.0
1924,Denmark,SILVER,5,46.0,3.0,3.0
1928,Denmark,BRONZE,2,51.0,3.0,-3.0
1928,Denmark,GOLD,3,53.0,3.3333333333333335,1.0
1928,Denmark,SILVER,1,56.0,2.0,-2.0
1932,Denmark,BRONZE,3,57.0,2.3333333333333335,2.0
1932,Denmark,SILVER,3,60.0,2.3333333333333335,0.0
1936,Denmark,BRONZE,3,63.0,3.0,0.0
1936,Denmark,SILVER,2,66.0,2.6666666666666665,-1.0
1948,Denmark,BRONZE,8,68.0,4.333333333333333,6.0
1948,Denmark,GOLD,5,76.0,5.0,-3.0
1948,Denmark,SILVER,7,81.0,6.666666666666667,2.0
1952,Denmark,BRONZE,3,88.0,5.0,-4.0
1952,Denmark,GOLD,2,91.0,4.0,-1.0
1952,Denmark,SILVER,1,93.0,2.0,-1.0
1956,Denmark,BRONZE,1,94.0,1.3333333333333333,0.0
1956,Denmark,GOLD,1,95.0,1.0,0.0
1956,Denmark,SILVER,1,96.0,1.0,0.0
1960,Denmark,BRONZE,1,97.0,1.0,0.0
1960,Denmark,GOLD,2,98.0,1.3333333333333333,1.0
1960,Denmark,SILVER,3,100.0,2.0,1.0
1964,Denmark,BRONZE,3,103.0,2.6666666666666665,0.0
1964,Denmark,GOLD,2,106.0,2.6666666666666665,-1.0
1964,Denmark,SILVER,1,108.0,2.0,-1.0
1968,Denmark,BRONZE,3,109.0,2.0,2.0
1968,Denmark,GOLD,1,112.0,1.6666666666666667,-2.0
1968,Denmark,SILVER,4,113.0,2.6666666666666665,3.0
1972,Denmark,GOLD,1,117.0,2.0,-3.0
1976,Denmark,BRONZE,2,118.0,2.3333333333333335,1.0
1976,Denmark,GOLD,1,120.0,1.3333333333333333,-1.0
1980,Denmark,BRONZE,2,121.0,1.6666666666666667,1.0
1980,Denmark,GOLD,2,123.0,1.6666666666666667,0.0
1980,Denmark,SILVER,1,125.0,1.6666666666666667,-1.0
1984,Denmark,BRONZE,3,126.0,2.0,2.0
1984,Denmark,SILVER,3,129.0,2.3333333333333335,0.0
1988,Denmark,BRONZE,1,132.0,2.3333333333333335,-2.0
1988,Denmark,GOLD,2,133.0,2.0,1.0
1988,Denmark,SILVER,1,135.0,1.3333333333333333,-1.0
1992,Denmark,BRONZE,4,136.0,2.3333333333333335,3.0
1992,Denmark,GOLD,1,140.0,2.0,-3.0
1992,Denmark,SILVER,1,141.0,2.0,0.0
1996,Denmark,BRONZE,1,142.0,1.0,0.0
1996,Denmark,GOLD,4,143.0,2.0,3.0
1996,Denmark,SILVER,1,147.0,2.0,-3.0
1998,Denmark,SILVER,1,148.0,2.0,0.0
2000,Denmark,BRONZE,1,149.0,1.0,0.0
2000,Denmark,GOLD,2,150.0,1.3333333333333333,1.0
2000,Denmark,SILVER,3,152.0,2.0,1.0
2004,Denmark,BRONZE,5,155.0,3.3333333333333335,2.0
2004,Denmark,GOLD,2,160.0,3.3333333333333335,-3.0
2004,Denmark,SILVER,1,162.0,2.6666666666666665,-1.0
2008,Denmark,BRONZE,3,163.0,2.0,2.0
2008,Denmark,GOLD,2,166.0,2.0,-1.0
2008,Denmark,SILVER,2,168.0,2.3333333333333335,0.0
2012,Denmark,BRONZE,3,170.0,2.3333333333333335,1.0
2012,Denmark,GOLD,2,173.0,2.3333333333333335,-1.0
2012,Denmark,SILVER,4,175.0,3.0,2.0
2016,Denmark,BRONZE,7,179.0,4.333333333333333,3.0
2016,Denmark,GOLD,2,186.0,4.333333333333333,-5.0
2016,Denmark,SILVER,6,188.0,5.0,4.0
2020,Denmark,BRONZE,4,194.0,4.0,-2.0
2020,Denmark,GOLD,3,198.0,4.333333333333333,-1.0
2020,Denmark,SILVER,4,201.0,3.6666666666666665,1.0
1988,Djibouti,BRONZE,1,205.0,0.0,0.0
1984,Dominican Republic,BRONZE,1,1.0,0.0,0.0
2004,Dominican Republic,GOLD,1,1.0,0.0,0.0
2008,Dominican Republic,GOLD,1,2.0,1.0,0.0
2008,Dominican Republic,SILVER,1,3.0,1.0,0.0
2012,Dominican Republic,GOLD,1,4.0,1.0,0.0
2012,Dominican Republic,SILVER,1,5.0,1.0,0.0
2016,Dominican Republic,BRONZE,1,6.0,1.0,0.0
2020,Dominican Republic,BRONZE,2,7.0,1.3333333333333333,1.0
2020,Dominican Republic,SILVER,3,9.0,2.0,1.0
1996,Ecuador,GOLD,1,12.0,0.0,0.0
2008,Ecuador,SILVER,1,1.0,0.0,0.0
2020,Ecuador,GOLD,2,2.0,1.3333333333333333,1.0
2020,Ecuador,SILVER,1,4.0,1.3333333333333333,-1.0
1928,Egypt,BRONZE,1,5.0,0.0,0.0
1928,Egypt,GOLD,2,1.0,0.0,1.0
1928,Egypt,SILVER,1,3.0,1.3333333333333333,-1.0
1936,Egypt,BRONZE,2,4.0,1.6666666666666667,1.0
1936,Egypt,GOLD,2,6.0,1.6666666666666667,0.0
1936,Egypt,SILVER,1,8.0,1.6666666666666667,-1.0
1948,Egypt,BRONZE,1,9.0,1.3333333333333333,0.0
1948,Egypt,GOLD,2,10.0,1.3333333333333333,1.0
1948,Egypt,SILVER,2,12.0,1.6666666666666667,0.0
1952,Egypt,BRONZE,1,14.0,1.6666666666666667,-1.0
1984,Egypt,SILVER,1,15.0,1.3333333333333333,0.0
2004,Egypt,BRONZE,3,16.0,1.6666666666666667,2.0
2004,Egypt,GOLD,1,19.0,1.6666666666666667,-2.0
2004,Egypt,SILVER,1,20.0,1.6666666666666667,0.0
2008,Egypt,BRONZE,2,21.0,1.3333333333333333,1.0
2012,Egypt,BRONZE,1,23.0,1.3333333333333333,-1.0
2012,Egypt,SILVER,3,24.0,2.0,2.0
2016,Egypt,BRONZE,3,27.0,2.3333333333333335,0.0
2020,Egypt,BRONZE,4,30.0,3.3333333333333335,1.0
2020,Egypt,GOLD,1,34.0,2.6666666666666665,-3.0
2020,Egypt,SILVER,1,35.0,2.0,0.0
2004,Eritrea,BRONZE,1,36.0,0.0,0.0
1920,Estonia,GOLD,1,1.0,0.0,0.0
1920,Estonia,SILVER,2,1.0,0.0,1.0
1924,Estonia,BRONZE,4,3.0,2.3333333333333335,2.0
1924,Estonia,GOLD,1,7.0,2.3333333333333335,-3.0
1924,Estonia,SILVER,1,8.0,2.0,0.0
1928,Estonia,BRONZE,2,9.0,1.3333333333333333,1.0
1928,Estonia,GOLD,2,11.0,1.6666666666666667,0.0
1928,Estonia,SILVER,1,13.0,1.6666666666666667,-1.0
1936,Estonia,BRONZE,3,14.0,2.0,2.0
1936,Estonia,GOLD,2,17.0,2.0,-1.0
1936,Estonia,SILVER,2,19.0,2.3333333333333335,0.0
1992,Estonia,BRONZE,1,21.0,1.6666666666666667,-1.0
1992,Estonia,GOLD,1,22.0,1.3333333333333333,0.0
2000,Estonia,BRONZE,2,23.0,1.3333333333333333,1.0
2000,Estonia,GOLD,1,25.0,1.3333333333333333,-1.0
2002,Estonia,BRONZE,1,26.0,1.3333333333333333,0.0
2002,Estonia,GOLD,1,27.0,1.0,0.0
2002,Estonia,SILVER,1,28.0,1.0,0.0
2004,Estonia,BRONZE,2,29.0,1.3333333333333333,1.0
2004,Estonia,SILVER,1,31.0,1.3333333333333333,-1.0
2006,Estonia,GOLD,3,32.0,2.0,2.0
2008,Estonia,GOLD,1,35.0,1.6666666666666667,-2.0
2008,Estonia,SILVER,1,36.0,1.6666666666666667,0.0
2010,Estonia,SILVER,1,37.0,1.0,0.0
2012,Estonia,BRONZE,1,38.0,1.0,0.0
2012,Estonia,SILVER,1,39.0,1.0,0.0
2016,Estonia,BRONZE,1,40.0,1.0,0.0
2020,Estonia,BRONZE,1,41.0,1.0,0.0
2020,Estonia,GOLD,1,42.0,1.0,0.0
2022,Estonia,BRONZE,1,43.0,1.0,0.0
1960,Ethiopia,GOLD,1,44.0,0.0,0.0
1964,Ethiopia,GOLD,1,1.0,0.0,0.0
1968,Ethiopia,GOLD,1,2.0,1.0,0.0
1968,Ethiopia,SILVER,1,3.0,1.0,0.0
1972,Ethiopia,BRONZE,2,4.0,1.3333333333333333,1.0
1980,Ethiopia,BRONZE,2,6.0,1.6666666666666667,0.0
1980,Ethiopia,GOLD,2,8.0,2.0,0.0
1992,Ethiopia,BRONZE,2,10.0,2.0,0.0
1992,Ethiopia,GOLD,1,12.0,1.6666666666666667,-1.0
1996,Ethiopia,BRONZE,1,13.0,1.3333333333333333,0.0
1996,Ethiopia,GOLD,2,14.0,1.3333333333333333,1.0
2000,Ethiopia,BRONZE,3,16.0,2.0,1.0
2000,Ethiopia,GOLD,4,19.0,3.0,1.0
2000,Ethiopia,SILVER,1,23.0,2.6666666666666665,-3.0
2004,Ethiopia,BRONZE,2,24.0,2.3333333333333335,1.0
2004,Ethiopia,GOLD,2,26.0,1.6666666666666667,0.0
2004,Ethiopia,SILVER,3,28.0,2.3333333333333335,1.0
2008,Ethiopia,BRONZE,1,31.0,2.0,-2.0
2008,Ethiopia,GOLD,4,32.0,2.6666666666666665,3.0
2008,Ethiopia,SILVER,2,36.0,2.3333333333333335,-2.0
2012,Ethiopia,BRONZE,2,38.0,2.6666666666666665,0.0
2012,Ethiopia,GOLD,3,40.0,2.3333333333333335,1.0
2012,Ethiopia,SILVER,2,43.0,2.3333333333333335,-1.0
2016,Ethiopia,BRONZE,5,45.0,3.3333333333333335,3.0
2016,Ethiopia,GOLD,1,50.0,2.6666666666666665,-4.0
2016,Ethiopia,SILVER,2,51.0,2.6666666666666665,1.0
2020,Ethiopia,BRONZE,2,53.0,1.6666666666666667,0.0
2020,Ethiopia,GOLD,1,55.0,1.6666666666666667,-1.0
2020,Ethiopia,SILVER,1,56.0,1.3333333333333333,0.0
1968,Federal Republic of Germany,BRONZE,13,57.0,0.0,0.0
1968,Federal Republic of Germany,GOLD,7,13.0,0.0,-6.0
1968,Federal Republic of Germany,SILVER,13,20.0,11.0,6.0
1972,Federal Republic of Germany,BRONZE,17,33.0,12.333333333333334,4.0
1972,Federal Republic of Germany,GOLD,16,50.0,15.333333333333334,-1.0
1972,Federal Republic of Germany,SILVER,12,66.0,15.0,-4.0
1976,Federal Republic of Germany,BRONZE,20,78.0,16.0,8.0
1976,Federal Republic of Germany,GOLD,12,98.0,14.666666666666666,-8.0
1976,Federal Republic of Germany,SILVER,17,110.0,16.333333333333332,5.0
1980,Federal Republic of Germany,BRONZE,3,127.0,10.666666666666666,-14.0
1980,Federal Republic of Germany,SILVER,2,130.0,7.333333333333333,-1.0
1984,Federal Republic of Germany,BRONZE,24,132.0,9.666666666666666,22.0
1984,Federal Republic of Germany,GOLD,19,156.0,15.0,-5.0
1984,Federal Republic of Germany,SILVER,20,175.0,21.0,1.0
1988,Federal Republic of Germany,BRONZE,17,195.0,18.666666666666668,-3.0
1988,Federal Republic of Germany,GOLD,13,212.0,16.666666666666668,-4.0
1988,Federal Republic of Germany,SILVER,18,225.0,16.0,5.0
2016,Fiji,GOLD,1,243.0,0.0,0.0
2020,Fiji,BRONZE,1,1.0,0.0,0.0
2020,Fiji,GOLD,1,2.0,1.0,0.0
1908,Finland,BRONZE,3,3.0,0.0,0.0
1908,Finland,GOLD,1,3.0,0.0,-2.0
1908,Finland,SILVER,1,4.0,1.6666666666666667,0.0
1912,Finland,BRONZE,9,5.0,3.6666666666666665,8.0
1912,Finland,GOLD,9,14.0,6.333333333333333,0.0
1912,Finland,SILVER,8,23.0,8.666666666666666,-1.0
1920,Finland,BRONZE,9,31.0,8.666666666666666,1.0
1920,Finland,GOLD,15,40.0,10.666666666666666,6.0
1920,Finland,SILVER,10,55.0,11.333333333333334,-5.0
1924,Finland,BRONZE,13,65.0,12.666666666666666,3.0
1924,Finland,GOLD,18,78.0,13.666666666666666,5.0
1924,Finland,SILVER,17,96.0,16.0,-1.0
1928,Finland,BRONZE,9,113.0,14.666666666666666,-8.0
1928,Finland,GOLD,10,122.0,12.0,1.0
1928,Finland,SILVER,9,132.0,9.333333333333334,-1.0
1932,Finland,BRONZE,13,141.0,10.666666666666666,4.0
1932,Finland,GOLD,6,154.0,9.333333333333334,-7.0
1932,Finland,SILVER,9,160.0,9.333333333333334,3.0
1936,Finland,BRONZE,9,169.0,8.0,0.0
1936,Finland,GOLD,8,178.0,8.666666666666666,-1.0
1936,Finland,SILVER,8,186.0,8.333333333333334,0.0
1948,Finland,BRONZE,7,194.0,7.666666666666667,-1.0
1948,Finland,GOLD,7,201.0,7.333333333333333,0.0
1948,Finland,SILVER,10,208.0,8.0,3.0
1952,Finland,BRONZE,15,218.0,10.666666666666666,5.0
1952,Finland,GOLD,7,233.0,10.666666666666666,-8.0
1952,Finland,SILVER,7,240.0,9.666666666666666,0.0
1956,Finland,BRONZE,12,247.0,8.666666666666666,5.0
1956,Finland,GOLD,6,259.0,8.333333333333334,-6.0
1956,Finland,SILVER,4,265.0,7.333333333333333,-2.0
1960,Finland,BRONZE,6,269.0,5.333333333333333,2.0
1960,Finland,GOLD,3,275.0,4.333333333333333,-3.0
1960,Finland,SILVER,4,278.0,4.333333333333333,1.0
1964,Finland,BRONZE,5,282.0,4.0,1.0
1964,Finland,GOLD,6,287.0,5.0,1.0
1964,Finland,SILVER,4,293.0,5.0,-2.0
1968,Finland,BRONZE,3,297.0,4.333333333333333,-1.0
1968,Finland,GOLD,2,300.0,3.0,-1.0
1968,Finland,SILVER,4,302.0,3.0,2.0
1972,Finland,BRONZE,5,306.0,3.6666666666666665,1.0
1972,Finland,GOLD,3,311.0,4.0,-2.0
1972,Finland,SILVER,5,314.0,4.333333333333333,2.0
1976,Finland,BRONZE,1,319.0,3.0,-4.0
1976,Finland,GOLD,6,320.0,4.0,5.0
1976,Finland,SILVER,6,326.0,4.333333333333333,0.0
1980,Finland,BRONZE,7,332.0,6.333333333333333,1.0
1980,Finland,GOLD,4,339.0,5.666666666666667,-3.0
1980,Finland,SILVER,6,343.0,5.666666666666667,2.0
1984,Finland,BRONZE,12,349.0,7.333333333333333,6.0
1984,Finland,GOLD,8,361.0,8.666666666666666,-4.0
1984,Finland,SILVER,5,369.0,8.333333333333334,-3.0
1988,Finland,BRONZE,4,374.0,5.666666666666667,-1.0
1988,Finland,GOLD,5,378.0,4.666666666666667,1.0
1988,Finland,SILVER,2,383.0,3.6666666666666665,-3.0
1992,Finland,BRONZE,5,385.0,4.0,3.0
1992,Finland,GOLD,4,390.0,3.6666666666666665,-1.0
1992,Finland,SILVER,3,394.0,4.0,-1.0
1994,Finland,BRONZE,5,397.0,4.0,2.0
1994,Finland,SILVER,1,402.0,3.0,-4.0
1996,Finland,BRONZE,1,403.0,2.3333333333333335,0.0
1996,Finland,GOLD,1,404.0,1.0,0.0
1996,Finland,SILVER,2,405.0,1.3333333333333333,1.0
1998,Finland,BRONZE,6,407.0,3.0,4.0
1998,Finland,GOLD,2,413.0,3.3333333333333335,-4.0
1998,Finland,SILVER,4,415.0,4.0,2.0
2000,Finland,BRONZE,1,419.0,2.3333333333333335,-3.0
2000,Finland,GOLD,2,420.0,2.3333333333333335,1.0
2000,Finland,SILVER,1,422.0,1.3333333333333333,-1.0
2002,Finland,BRONZE,1,423.0,1.3333333333333333,0.0
2002,Finland,GOLD,4,424.0,2.0,3.0
2002,Finland,SILVER,2,428.0,2.3333333333333335,-2.0
2004,Finland,SILVER,2,430.0,2.6666666666666665,0.0
2006,Finland,BRONZE,3,432.0,2.3333333333333335,1.0
2006,Finland,SILVER,6,435.0,3.6666666666666665,3.0
2008,Finland,BRONZE,2,441.0,3.6666666666666665,-4.0
2008,Finland,GOLD,1,443.0,3.0,-1.0
2008,Finland,SILVER,1,444.0,1.3333333333333333,0.0
2010,Finland,BRONZE,4,445.0,2.0,3.0
2010,Finland,SILVER,1,449.0,2.0,-3.0
2012,Finland,BRONZE,1,450.0,2.0,0.0
2012,Finland,SILVER,2,451.0,1.3333333333333333,1.0
2014,Finland,BRONZE,1,453.0,1.3333333333333333,-1.0
2014,Finland,GOLD,1,454.0,1.3333333333333333,0.0
2014,Finland,SILVER,3,455.0,1.6666666666666667,2.0
2016,Finland,BRONZE,1,458.0,1.6666666666666667,-2.0
2018,Finland,BRONZE,4,459.0,2.6666666666666665,3.0
2018,Finland,GOLD,1,463.0,2.0,-3.0
2018,Finland,SILVER,1,464.0,2.0,0.0
2020,Finland,BRONZE,2,465.0,1.3333333333333333,1.0
2022,Finland,BRONZE,4,467.0,2.3333333333333335,2.0
2022,Finland,GOLD,2,471.0,2.6666666666666665,-2.0
2022,Finland,SILVER,2,473.0,2.6666666666666665,0.0
1896,France,BRONZE,2,475.0,0.0,0.0
1896,France,GOLD,5,2.0,0.0,3.0
1896,France,SILVER,4,7.0,3.6666666666666665,-1.0
1900,France,BRONZE,35,11.0,14.666666666666666,31.0
1900,France,GOLD,26,46.0,21.666666666666668,-9.0
1900,France,SILVER,36,72.0,32.333333333333336,10.0
1904,France,SILVER,1,108.0,21.0,-35.0
1908,France,BRONZE,9,109.0,15.333333333333334,8.0
1908,France,GOLD,5,118.0,5.0,-4.0
1908,France,SILVER,5,123.0,6.333333333333333,0.0
1912,France,BRONZE,3,128.0,4.333333333333333,-2.0
1912,France,GOLD,7,131.0,5.0,4.0
1912,France,SILVER,4,138.0,4.666666666666667,-3.0
1920,France,BRONZE,13,142.0,8.0,9.0
1920,France,GOLD,9,155.0,8.666666666666666,-4.0
1920,France,SILVER,19,164.0,13.666666666666666,10.0
1924,France,BRONZE,13,183.0,13.666666666666666,-6.0
1924,France,GOLD,13,196.0,15.0,0.0
1924,France,SILVER,14,209.0,13.333333333333334,1.0
1928,France,BRONZE,5,223.0,10.666666666666666,-9.0
1928,France,GOLD,7,228.0,8.666666666666666,2.0
1928,France,SILVER,10,235.0,7.333333333333333,3.0
1932,France,BRONZE,4,245.0,7.0,-6.0
1932,France,GOLD,11,249.0,8.333333333333334,7.0
1932,France,SILVER,5,260.0,6.666666666666667,-6.0
1936,France,BRONZE,7,265.0,7.666666666666667,2.0
1936,France,GOLD,7,272.0,6.333333333333333,0.0
1936,France,SILVER,5,279.0,6.333333333333333,-2.0
1948,France,BRONZE,15,284.0,9.0,10.0
1948,France,GOLD,12,299.0,10.666666666666666,-3.0
1948,France,SILVER,7,311.0,11.333333333333334,-5.0
1952,France,BRONZE,7,318.0,8.666666666666666,0.0
1952,France,GOLD,5,325.0,6.333333333333333,-2.0
1952,France,SILVER,6,330.0,6.0,1.0
1956,France,BRONZE,6,336.0,5.666666666666667,0.0
1956,France,GOLD,4,342.0,5.333333333333333,-2.0
1956,France,SILVER,4,346.0,4.666666666666667,0.0
1960,France,BRONZE,5,350.0,4.333333333333333,1.0
1960,France,GOLD,1,355.0,3.3333333333333335,-4.0
1960,France,SILVER,2,356.0,2.6666666666666665,1.0
1964,France,BRONZE,6,358.0,3.0,4.0
1964,France,GOLD,4,364.0,4.0,-2.0
1964,France,SILVER,12,368.0,7.333333333333333,8.0
1968,France,BRONZE,7,380.0,7.666666666666667,-5.0
1968,France,GOLD,11,387.0,10.0,4.0
1968,France,SILVER,6,398.0,8.0,-5.0
1972,France,BRONZE,9,404.0,8.666666666666666,3.0
1972,France,GOLD,2,413.0,5.666666666666667,-7.0
1972,France,SILVER,5,415.0,5.333333333333333,3.0
1976,France,BRONZE,5,420.0,4.0,0.0
1976,France,GOLD,2,425.0,4.0,-3.0
1976,France,SILVER,3,427.0,3.3333333333333335,1.0
1980,France,BRONZE,4,430.0,3.0,1.0
1980,France,GOLD,6,434.0,4.333333333333333,2.0
1980,France,SILVER,5,440.0,5.0,-1.0
1984,France,BRONZE,18,445.0,9.666666666666666,13.0
1984,France,GOLD,5,463.0,9.333333333333334,-13.0
1984,France,SILVER,8,468.0,10.333333333333334,3.0
1988,France,BRONZE,7,476.0,6.666666666666667,-1.0
1988,France,GOLD,7,483.0,7.333333333333333,0.0
1988,France,SILVER,4,490.0,6.0,-3.0
1992,France,BRONZE,17,494.0,9.333333333333334,13.0
1992,France,GOLD,11,511.0,10.666666666666666,-6.0
1992,France,SILVER,10,522.0,12.666666666666666,-1.0
1994,France,BRONZE,4,532.0,8.333333333333334,-6.0
1994,France,SILVER,1,536.0,5.0,-3.0
1996,France,BRONZE,15,537.0,6.666666666666667,14.0
1996,France,GOLD,15,552.0,10.333333333333334,0.0
1996,France,SILVER,7,567.0,12.333333333333334,-8.0
1998,France,BRONZE,5,574.0,9.0,-2.0
1998,France,GOLD,2,579.0,4.666666666666667,-3.0
1998,France,SILVER,1,581.0,2.6666666666666665,-1.0
2000,France,BRONZE,11,582.0,4.666666666666667,10.0
2000,France,GOLD,13,593.0,8.333333333333334,2.0
2000,France,SILVER,14,606.0,12.666666666666666,1.0
2002,France,BRONZE,2,620.0,9.666666666666666,-12.0
2002,France,GOLD,4,622.0,6.666666666666667,2.0
2002,France,SILVER,5,626.0,3.6666666666666665,1.0
2004,France,BRONZE,13,631.0,7.333333333333333,8.0
2004,France,GOLD,11,644.0,9.666666666666666,-2.0
2004,France,SILVER,9,655.0,11.0,-2.0
2006,France,BRONZE,4,664.0,8.0,-5.0
2006,France,GOLD,3,668.0,5.333333333333333,-1.0
2006,France,SILVER,2,671.0,3.0,-1.0
2008,France,BRONZE,20,673.0,8.333333333333334,18.0
2008,France,GOLD,7,693.0,9.666666666666666,-13.0
2008,France,SILVER,16,700.0,14.333333333333334,9.0
2010,France,BRONZE,6,716.0,9.666666666666666,-10.0
2010,France,GOLD,2,722.0,8.0,-4.0
2010,France,SILVER,3,724.0,3.6666666666666665,1.0
2012,France,BRONZE,13,727.0,6.0,10.0
2012,France,GOLD,11,740.0,9.0,-2.0
2012,France,SILVER,11,751.0,11.666666666666666,0.0
2014,France,BRONZE,7,762.0,9.666666666666666,-4.0
2014,France,GOLD,4,769.0,7.333333333333333,-3.0
2014,France,SILVER,4,773.0,5.0,0.0
2016,France,BRONZE,14,777.0,7.333333333333333,10.0
2016,France,GOLD,10,791.0,9.333333333333334,-4.0
2016,France,SILVER,18,801.0,14.0,8.0
2018,France,BRONZE,6,819.0,11.333333333333334,-12.0
2018,France,GOLD,5,825.0,9.666666666666666,-1.0
2018,France,SILVER,4,830.0,5.0,-1.0
2020,France,BRONZE,11,834.0,6.666666666666667,7.0
2020,France,GOLD,10,845.0,8.333333333333334,-1.0
2020,France,SILVER,12,855.0,11.0,2.0
2022,France,BRONZE,2,867.0,8.0,-10.0
2022,France,GOLD,5,869.0,6.333333333333333,3.0
2022,France,SILVER,7,874.0,4.666666666666667,2.0
2012,Gabon,SILVER,1,881.0,0.0,0.0
1996,Georgia,BRONZE,2,1.0,0.0,0.0
2000,Georgia,BRONZE,6,2.0,0.0,4.0
2004,Georgia,GOLD,2,8.0,3.3333333333333335,-4.0
2004,Georgia,SILVER,2,10.0,3.3333333333333335,0.0
2008,Georgia,BRONZE,2,12.0,2.0,0.0
2008,Georgia,GOLD,3,14.0,2.3333333333333335,1.0
2008,Georgia,SILVER,2,17.0,2.3333333333333335,-1.0
2012,Georgia,BRONZE,3,19.0,2.6666666666666665,1.0
2012,Georgia,GOLD,1,22.0,2.0,-2.0
2012,Georgia,SILVER,2,23.0,2.0,1.0
2016,Georgia,BRONZE,4,25.0,2.3333333333333335,2.0
2016,Georgia,GOLD,2,29.0,2.6666666666666665,-2.0
2016,Georgia,SILVER,1,31.0,2.3333333333333335,-1.0
2020,Georgia,BRONZE,1,32.0,1.3333333333333333,0.0
2020,Georgia,GOLD,2,33.0,1.3333333333333333,1.0
2020,Georgia,SILVER,5,35.0,2.6666666666666665,3.0
1968,German Democratic Republic (Germany),BRONZE,9,40.0,0.0,0.0
1968,German Democratic Republic (Germany),GOLD,10,9.0,0.0,1.0
1968,German Democratic Republic (Germany),SILVER,11,19.0,10.0,1.0
1972,German Democratic Republic (Germany),BRONZE,30,30.0,17.0,19.0
1972,German Democratic Republic (Germany),GOLD,24,60.0,21.666666666666668,-6.0
1972,German Democratic Republic (Germany),SILVER,26,84.0,26.666666666666668,2.0
1976,German Democratic Republic (Germany),BRONZE,32,110.0,27.333333333333332,6.0
1976,German Democratic Republic (Germany),GOLD,47,142.0,35.0,15.0
1976,German Democratic Republic (Germany),SILVER,30,189.0,36.333333333333336,-17.0
1980,German Democratic Republic (Germany),BRONZE,49,219.0,42.0,19.0
1980,German Democratic Republic (Germany),GOLD,56,268.0,45.0,7.0
1980,German Democratic Republic (Germany),SILVER,44,324.0,49.666666666666664,-12.0
1984,German Democratic Republic (Germany),BRONZE,6,368.0,35.333333333333336,-38.0
1984,German Democratic Republic (Germany),GOLD,9,374.0,19.666666666666668,3.0
1984,German Democratic Republic (Germany),SILVER,9,383.0,8.0,0.0
1988,German Democratic Republic (Germany),BRONZE,36,392.0,18.0,27.0
1988,German Democratic Republic (Germany),GOLD,46,428.0,30.333333333333332,10.0
1988,German Democratic Republic (Germany),SILVER,45,474.0,42.333333333333336,-1.0
1896,Germany,BRONZE,2,519.0,0.0,0.0
1896,Germany,GOLD,6,2.0,0.0,4.0
1896,Germany,SILVER,5,8.0,4.333333333333333,-1.0
1900,Germany,BRONZE,2,13.0,4.333333333333333,-3.0
1900,Germany,GOLD,4,15.0,3.6666666666666665,2.0
1900,Germany,SILVER,3,19.0,3.0,-1.0
1904,Germany,BRONZE,6,22.0,4.333333333333333,3.0
1904,Germany,GOLD,4,28.0,4.333333333333333,-2.0
1904,Germany,SILVER,5,32.0,5.0,1.0
1908,Germany,BRONZE,5,37.0,4.666666666666667,0.0
1908,Germany,GOLD,3,42.0,4.333333333333333,-2.0
1908,Germany,SILVER,5,45.0,4.333333333333333,2.0
1912,Germany,BRONZE,7,50.0,5.0,2.0
1912,Germany,GOLD,5,57.0,5.666666666666667,-2.0
1912,Germany,SILVER,13,62.0,8.333333333333334,8.0
1928,Germany,BRONZE,15,75.0,11.0,2.0
1928,Germany,GOLD,10,90.0,12.666666666666666,-5.0
1928,Germany,SILVER,7,100.0,10.666666666666666,-3.0
1932,Germany,BRONZE,7,107.0,8.0,0.0
1932,Germany,GOLD,3,114.0,5.666666666666667,-4.0
1932,Germany,SILVER,12,117.0,7.333333333333333,9.0
1936,Germany,BRONZE,29,129.0,14.666666666666666,17.0
1936,Germany,GOLD,34,158.0,25.0,5.0
1936,Germany,SILVER,27,192.0,30.0,-7.0
1952,Germany,BRONZE,17,219.0,26.0,-10.0
1952,Germany,GOLD,3,236.0,15.666666666666666,-14.0
1952,Germany,SILVER,9,239.0,9.666666666666666,6.0
1956,Germany,BRONZE,7,248.0,6.333333333333333,-2.0
1956,Germany,GOLD,5,255.0,7.0,-2.0
1956,Germany,SILVER,10,260.0,7.333333333333333,5.0
1960,Germany,BRONZE,12,270.0,9.0,2.0
1960,Germany,GOLD,16,282.0,12.666666666666666,4.0
1960,Germany,SILVER,22,298.0,16.666666666666668,6.0
1964,Germany,BRONZE,21,320.0,19.666666666666668,-1.0
1964,Germany,GOLD,13,341.0,18.666666666666668,-8.0
1964,Germany,SILVER,25,354.0,19.666666666666668,12.0
1992,Germany,BRONZE,34,379.0,24.0,9.0
1992,Germany,GOLD,43,413.0,34.0,9.0
1992,Germany,SILVER,31,456.0,36.0,-12.0
1994,Germany,BRONZE,8,487.0,27.333333333333332,-23.0
1994,Germany,GOLD,9,495.0,16.0,1.0
1994,Germany,SILVER,7,504.0,8.0,-2.0
1996,Germany,BRONZE,27,511.0,14.333333333333334,20.0
1996,Germany,GOLD,20,538.0,18.0,-7.0
1996,Germany,SILVER,18,558.0,21.666666666666668,-2.0
1998,Germany,BRONZE,8,576.0,15.333333333333334,-10.0
1998,Germany,GOLD,12,584.0,12.666666666666666,4.0
1998,Germany,SILVER,9,596.0,9.666666666666666,-3.0
2000,Germany,BRONZE,26,605.0,15.666666666666666,17.0
2000,Germany,GOLD,13,631.0,16.0,-13.0
2000,Germany,SILVER,17,644.0,18.666666666666668,4.0
2002,Germany,BRONZE,8,661.0,12.666666666666666,-9.0
2002,Germany,GOLD,12,669.0,12.333333333333334,4.0
2002,Germany,SILVER,16,681.0,12.0,4.0
2004,Germany,BRONZE,20,697.0,16.0,4.0
2004,Germany,GOLD,13,717.0,16.333333333333332,-7.0
2004,Germany,SILVER,16,730.0,16.333333333333332,3.0
2006,Germany,BRONZE,6,746.0,11.666666666666666,-10.0
2006,Germany,GOLD,11,752.0,11.0,5.0
2006,Germany,SILVER,12,763.0,9.666666666666666,1.0
2008,Germany,BRONZE,14,775.0,12.333333333333334,2.0
2008,Germany,GOLD,16,789.0,14.0,2.0
2008,Germany,SILVER,11,805.0,13.666666666666666,-5.0
2010,Germany,BRONZE,7,816.0,11.333333333333334,-4.0
2010,Germany,GOLD,10,823.0,9.333333333333334,3.0
2010,Germany,SILVER,13,833.0,10.0,3.0
2012,Germany,BRONZE,13,846.0,12.0,0.0
2012,Germany,GOLD,11,859.0,12.333333333333334,-2.0
2012,Germany,SILVER,20,870.0,14.666666666666666,9.0
2014,Germany,BRONZE,5,890.0,12.0,-15.0
2014,Germany,GOLD,8,895.0,11.0,3.0
2014,Germany,SILVER,6,903.0,6.333333333333333,-2.0
2016,Germany,BRONZE,15,909.0,9.666666666666666,9.0
2016,Germany,GOLD,17,924.0,12.666666666666666,2.0
2016,Germany,SILVER,10,941.0,14.0,-7.0
2018,Germany,BRONZE,7,951.0,11.333333333333334,-3.0
2018,Germany,GOLD,14,958.0,10.333333333333334,7.0
2018,Germany,SILVER,10,972.0,10.333333333333334,-4.0
2020,Germany,BRONZE,16,982.0,13.333333333333334,6.0
2020,Germany,GOLD,10,998.0,12.0,-6.0
2020,Germany,SILVER,11,1008.0,12.333333333333334,1.0
2022,Germany,BRONZE,5,1019.0,8.666666666666666,-6.0
2022,Germany,GOLD,12,1024.0,9.333333333333334,7.0
2022,Germany,SILVER,10,1036.0,9.0,-2.0
1960,Ghana,SILVER,1,1046.0,0.0,0.0
1964,Ghana,BRONZE,1,1.0,0.0,0.0
1972,Ghana,BRONZE,1,2.0,1.0,0.0
1992,Ghana,BRONZE,1,3.0,1.0,0.0
2020,Ghana,BRONZE,1,4.0,1.0,0.0
1896,Great Britain,BRONZE,2,5.0,0.0,0.0
1896,Great Britain,GOLD,2,2.0,0.0,0.0
1896,Great Britain,SILVER,3,4.0,2.3333333333333335,1.0
1900,Great Britain,BRONZE,8,7.0,4.333333333333333,5.0
1900,Great Britain,GOLD,15,15.0,8.666666666666666,7.0
1900,Great Britain,SILVER,8,30.0,10.333333333333334,-7.0
1904,Great Britain,GOLD,1,38.0,8.0,-7.0
1904,Great Britain,SILVER,1,39.0,3.3333333333333335,0.0
1908,Great Britain,BRONZE,37,40.0,13.0,36.0
1908,Great Britain,GOLD,55,77.0,31.0,18.0
1908,Great Britain,SILVER,49,132.0,47.0,-6.0
1912,Great Britain,BRONZE,16,181.0,40.0,-33.0
1912,Great Britain,GOLD,10,197.0,25.0,-6.0
1912,Great Britain,SILVER,14,207.0,13.333333333333334,4.0
1920,Great Britain,BRONZE,13,221.0,12.333333333333334,-1.0
1920,Great Britain,GOLD,14,234.0,13.666666666666666,1.0
1920,Great Britain,SILVER,15,248.0,14.0,1.0
1924,Great Britain,BRONZE,14,263.0,14.333333333333334,-1.0
1924,Great Britain,GOLD,10,277.0,13.0,-4.0
1924,Great Britain,SILVER,14,287.0,12.666666666666666,4.0
1928,Great Britain,BRONZE,8,301.0,10.666666666666666,-6.0
1928,Great Britain,GOLD,3,309.0,8.333333333333334,-5.0
1928,Great Britain,SILVER,10,312.0,7.0,7.0
1932,Great Britain,BRONZE,5,322.0,6.0,-5.0
1932,Great Britain,GOLD,4,327.0,6.333333333333333,-1.0
1932,Great Britain,SILVER,7,331.0,5.333333333333333,3.0
1936,Great Britain,BRONZE,3,338.0,4.666666666666667,-4.0
1936,Great Britain,GOLD,5,341.0,5.0,2.0
1936,Great Britain,SILVER,8,346.0,5.333333333333333,3.0
1948,Great Britain,BRONZE,8,354.0,7.0,0.0
1948,Great Britain,GOLD,3,362.0,6.333333333333333,-5.0
1948,Great Britain,SILVER,14,365.0,8.333333333333334,11.0
1952,Great Britain,BRONZE,8,379.0,8.333333333333334,-6.0
1952,Great Britain,GOLD,2,387.0,8.0,-6.0
1952,Great Britain,SILVER,2,389.0,4.0,0.0
1956,Great Britain,BRONZE,9,391.0,4.333333333333333,7.0
1956,Great Britain,GOLD,5,400.0,5.333333333333333,-4.0
1956,Great Britain,SILVER,7,405.0,7.0,2.0
1960,Great Britain,BRONZE,12,412.0,8.0,5.0
1960,Great Britain,GOLD,2,424.0,7.0,-10.0
1960,Great Britain,SILVER,6,426.0,6.666666666666667,4.0
1964,Great Britain,BRONZE,2,432.0,3.3333333333333335,-4.0
1964,Great Britain,GOLD,5,434.0,4.333333333333333,3.0
1964,Great Britain,SILVER,12,439.0,6.333333333333333,7.0
1968,Great Britain,BRONZE,3,451.0,6.666666666666667,-9.0
1968,Great Britain,GOLD,5,454.0,6.666666666666667,2.0
1968,Great Britain,SILVER,5,459.0,4.333333333333333,0.0
1972,Great Britain,BRONZE,9,464.0,6.333333333333333,4.0
1972,Great Britain,GOLD,4,473.0,6.0,-5.0
1972,Great Britain,SILVER,5,477.0,6.0,1.0
1976,Great Britain,BRONZE,5,482.0,4.666666666666667,0.0
1976,Great Britain,GOLD,4,487.0,4.666666666666667,-1.0
1976,Great Britain,SILVER,5,491.0,4.666666666666667,1.0
1980,Great Britain,BRONZE,9,496.0,6.0,4.0
1980,Great Britain,GOLD,6,505.0,6.666666666666667,-3.0
1980,Great Britain,SILVER,7,511.0,7.333333333333333,1.0
1984,Great Britain,BRONZE,21,518.0,11.333333333333334,14.0
1984,Great Britain,GOLD,6,539.0,11.333333333333334,-15.0
1984,Great Britain,SILVER,11,545.0,12.666666666666666,5.0
1988,Great Britain,BRONZE,9,556.0,8.666666666666666,-2.0
1988,Great Britain,GOLD,5,565.0,8.333333333333334,-4.0
1988,Great Britain,SILVER,10,570.0,8.0,5.0
1992,Great Britain,BRONZE,12,580.0,9.0,2.0
1992,Great Britain,GOLD,5,592.0,9.0,-7.0
1992,Great Britain,SILVER,3,597.0,6.666666666666667,-2.0
1994,Great Britain,BRONZE,2,600.0,3.3333333333333335,-1.0
1996,Great Britain,BRONZE,6,602.0,3.6666666666666665,4.0
1996,Great Britain,GOLD,1,608.0,3.0,-5.0
1996,Great Britain,SILVER,8,609.0,5.0,7.0
1998,Great Britain,BRONZE,1,617.0,3.3333333333333335,-7.0
2000,Great Britain,BRONZE,7,618.0,5.333333333333333,6.0
2000,Great Britain,GOLD,11,625.0,6.333333333333333,4.0
2000,Great Britain,SILVER,10,636.0,9.333333333333334,-1.0
2002,Great Britain,BRONZE,1,646.0,7.333333333333333,-9.0
2002,Great Britain,GOLD,1,647.0,4.0,0.0
2004,Great Britain,BRONZE,12,648.0,4.666666666666667,11.0
2004,Great Britain,GOLD,9,660.0,7.333333333333333,-3.0
2004,Great Britain,SILVER,9,669.0,10.0,0.0
2006,Great Britain,SILVER,1,678.0,6.333333333333333,-8.0
2008,Great Britain,BRONZE,19,679.0,9.666666666666666,18.0
2008,Great Britain,GOLD,19,698.0,13.0,0.0
2008,Great Britain,SILVER,13,717.0,17.0,-6.0
2010,Great Britain,GOLD,1,730.0,11.0,-12.0
2012,Great Britain,BRONZE,18,731.0,10.666666666666666,17.0
2012,Great Britain,GOLD,29,749.0,16.0,11.0
2012,Great Britain,SILVER,18,778.0,21.666666666666668,-11.0
2014,Great Britain,BRONZE,3,796.0,16.666666666666668,-15.0
2014,Great Britain,GOLD,1,799.0,7.333333333333333,-2.0
2014,Great Britain,SILVER,1,800.0,1.6666666666666667,0.0
2016,Great Britain,BRONZE,17,801.0,6.333333333333333,16.0
2016,Great Britain,GOLD,27,818.0,15.0,10.0
2016,Great Britain,SILVER,23,845.0,22.333333333333332,-4.0
2018,Great Britain,BRONZE,4,868.0,18.0,-19.0
2018,Great Britain,GOLD,1,872.0,9.333333333333334,-3.0
2020,Great Britain,BRONZE,22,873.0,9.0,21.0
2020,Great Britain,GOLD,22,895.0,15.0,0.0
2020,Great Britain,SILVER,21,917.0,21.666666666666668,-1.0
2022,Great Britain,GOLD,1,938.0,14.666666666666666,-20.0
2022,Great Britain,SILVER,1,939.0,7.666666666666667,0.0
1896,Greece,BRONZE,17,940.0,0.0,0.0
1896,Greece,GOLD,10,17.0,0.0,-7.0
1896,Greece,SILVER,18,27.0,15.0,8.0
1904,Greece,BRONZE,1,45.0,9.666666666666666,-17.0
1904,Greece,GOLD,1,46.0,6.666666666666667,0.0
1908,Greece,BRONZE,1,47.0,1.0,0.0
1908,Greece,SILVER,3,48.0,1.6666666666666667,2.0
1912,Greece,BRONZE,1,51.0,1.6666666666666667,-2.0
1912,Greece,GOLD,1,52.0,1.6666666666666667,0.0
1920,Greece,SILVER,1,53.0,1.0,0.0
1956,Greece,BRONZE,1,54.0,1.0,0.0
1960,Greece,GOLD,1,55.0,1.0,0.0
1968,Greece,BRONZE,1,56.0,1.0,0.0
1972,Greece,SILVER,2,57.0,1.3333333333333333,1.0
1980,Greece,BRONZE,2,59.0,1.6666666666666667,0.0
1980,Greece,GOLD,1,61.0,1.6666666666666667,-1.0
1984,Greece,BRONZE,1,62.0,1.3333333333333333,0.0
1984,Greece,SILVER,1,63.0,1.0,0.0
1988,Greece,BRONZE,1,64.0,1.0,0.0
1992,Greece,GOLD,2,65.0,1.3333333333333333,1.0
1996,Greece,GOLD,4,67.0,2.3333333333333335,2.0
1996,Greece,SILVER,4,71.0,3.3333333333333335,0.0
2000,Greece,BRONZE,3,75.0,3.6666666666666665,-1.0
2000,Greece,GOLD,4,78.0,3.6666666666666665,1.0
2000,Greece,SILVER,6,82.0,4.333333333333333,2.0
2004,Greece,BRONZE,4,88.0,4.666666666666667,-2.0
2004,Greece,GOLD,6,92.0,5.333333333333333,2.0
2004,Greece,SILVER,6,98.0,5.333333333333333,0.0
2008,Greece,BRONZE,1,104.0,4.333333333333333,-5.0
2008,Greece,SILVER,2,105.0,3.0,1.0
2012,Greece,BRONZE,2,107.0,1.6666666666666667,0.0
2016,Greece,BRONZE,2,109.0,2.0,0.0
2016,Greece,GOLD,3,111.0,2.3333333333333335,1.0
2016,Greece,SILVER,1,114.0,2.0,-2.0
2020,Greece,BRONZE,1,115.0,1.6666666666666667,0.0
2020,Greece,GOLD,2,116.0,1.3333333333333333,1.0
2020,Greece,SILVER,1,118.0,1.3333333333333333,-1.0
2012,Grenada,GOLD,1,119.0,0.0,0.0
2016,Grenada,SILVER,1,1.0,0.0,0.0
2020,Grenada,BRONZE,1,2.0,1.0,0.0
2012,Guatemala,SILVER,1,3.0,0.0,0.0
1980,Guyana,BRONZE,1,1.0,0.0,0.0
1924,Haiti,BRONZE,1,1.0,0.0,0.0
1928,Haiti,SILVER,1,1.0,0.0,0.0
1996,"Hong Kong, China",GOLD,1,2.0,0.0,0.0
2004,"Hong Kong, China",SILVER,1,1.0,0.0,0.0
2012,"Hong Kong, China",BRONZE,1,2.0,1.0,0.0
2020,"Hong Kong, China",BRONZE,3,3.0,1.6666666666666667,2.0
2020,"Hong Kong, China",GOLD,1,6.0,1.6666666666666667,-2.0
2020,"Hong Kong, China",SILVER,2,7.0,2.0,1.0
1896,Hungary,BRONZE,3,9.0,0.0,0.0
1896,Hungary,GOLD,2,3.0,0.0,-1.0
1896,Hungary,SILVER,1,5.0,2.0,-1.0
1900,Hungary,BRONZE,2,6.0,1.6666666666666667,1.0
1900,Hungary,GOLD,1,8.0,1.3333333333333333,-1.0
1900,Hungary,SILVER,2,9.0,1.6666666666666667,1.0
1904,Hungary,BRONZE,1,11.0,1.3333333333333333,-1.0
1904,Hungary,GOLD,2,12.0,1.6666666666666667,1.0
1904,Hungary,SILVER,1,14.0,1.3333333333333333,-1.0
1908,Hungary,BRONZE,2,15.0,1.6666666666666667,1.0
1908,Hungary,GOLD,3,17.0,2.0,1.0
1908,Hungary,SILVER,4,20.0,3.0,1.0
1912,Hungary,BRONZE,3,24.0,3.3333333333333335,-1.0
1912,Hungary,GOLD,3,27.0,3.3333333333333335,0.0
1912,Hungary,SILVER,2,30.0,2.6666666666666665,-1.0
1924,Hungary,BRONZE,4,32.0,3.0,2.0
1924,Hungary,GOLD,2,36.0,2.6666666666666665,-2.0
1924,Hungary,SILVER,3,38.0,3.0,1.0
1928,Hungary,GOLD,4,41.0,3.0,1.0
1928,Hungary,SILVER,5,45.0,4.0,1.0
1932,Hungary,BRONZE,6,50.0,5.0,1.0
1932,Hungary,GOLD,6,56.0,5.666666666666667,0.0
1932,Hungary,SILVER,4,62.0,5.333333333333333,-2.0
1936,Hungary,BRONZE,6,66.0,5.333333333333333,2.0
1936,Hungary,GOLD,10,72.0,6.666666666666667,4.0
1936,Hungary,SILVER,1,82.0,5.666666666666667,-9.0
1948,Hungary,BRONZE,11,83.0,7.333333333333333,10.0
1948,Hungary,GOLD,10,94.0,7.333333333333333,-1.0
1948,Hungary,SILVER,6,104.0,9.0,-4.0
1952,Hungary,BRONZE,16,110.0,10.666666666666666,10.0
1952,Hungary,GOLD,16,126.0,12.666666666666666,0.0
1952,Hungary,SILVER,9,142.0,13.666666666666666,-7.0
1956,Hungary,BRONZE,8,151.0,11.0,-1.0
1956,Hungary,GOLD,9,159.0,8.666666666666666,1.0
1956,Hungary,SILVER,10,168.0,9.0,1.0
1960,Hungary,BRONZE,7,178.0,8.666666666666666,-3.0
1960,Hungary,GOLD,6,185.0,7.666666666666667,-1.0
1960,Hungary,SILVER,8,191.0,7.0,2.0
1964,Hungary,BRONZE,5,199.0,6.333333333333333,-3.0
1964,Hungary,GOLD,10,204.0,7.666666666666667,5.0
1964,Hungary,SILVER,7,214.0,7.333333333333333,-3.0
1968,Hungary,BRONZE,12,221.0,9.666666666666666,5.0
1968,Hungary,GOLD,10,233.0,9.666666666666666,-2.0
1968,Hungary,SILVER,10,243.0,10.666666666666666,0.0
1972,Hungary,BRONZE,16,253.0,12.0,6.0
1972,Hungary,GOLD,6,269.0,10.666666666666666,-10.0
1972,Hungary,SILVER,13,275.0,11.666666666666666,7.0
1976,Hungary,BRONZE,13,288.0,10.666666666666666,0.0
1976,Hungary,GOLD,4,301.0,10.0,-9.0
1976,Hungary,SILVER,5,305.0,7.333333333333333,1.0
1980,Hungary,BRONZE,15,310.0,8.0,10.0
1980,Hungary,GOLD,7,325.0,9.0,-8.0
1980,Hungary,SILVER,11,332.0,11.0,4.0
1988,Hungary,BRONZE,6,343.0,8.0,-5.0
1988,Hungary,GOLD,11,349.0,9.333333333333334,5.0
1988,Hungary,SILVER,6,360.0,7.666666666666667,-5.0
1992,Hungary,BRONZE,7,366.0,8.0,1.0
1992,Hungary,GOLD,11,373.0,8.0,4.0
1992,Hungary,SILVER,12,384.0,10.0,1.0
1996,Hungary,BRONZE,10,396.0,11.0,-2.0
1996,Hungary,GOLD,7,406.0,9.666666666666666,-3.0
1996,Hungary,SILVER,4,413.0,7.0,-3.0
2000,Hungary,BRONZE,3,417.0,4.666666666666667,-1.0
2000,Hungary,GOLD,8,420.0,5.0,5.0
2000,Hungary,SILVER,6,428.0,5.666666666666667,-2.0
2004,Hungary,BRONZE,3,434.0,5.666666666666667,-3.0
2004,Hungary,GOLD,8,437.0,5.666666666666667,5.0
2004,Hungary,SILVER,6,445.0,5.666666666666667,-2.0
2008,Hungary,BRONZE,2,451.0,5.333333333333333,-4.0
2008,Hungary,GOLD,3,453.0,3.6666666666666665,1.0
2008,Hungary,SILVER,5,456.0,3.3333333333333335,2.0
2012,Hungary,BRONZE,6,461.0,4.666666666666667,1.0
2012,Hungary,GOLD,8,467.0,6.333333333333333,2.0
2012,Hungary,SILVER,4,475.0,6.0,-4.0
2016,Hungary,BRONZE,4,479.0,5.333333333333333,0.0
2016,Hungary,GOLD,8,483.0,5.333333333333333,4.0
2016,Hungary,SILVER,3,491.0,5.0,-5.0
2018,Hungary,GOLD,1,494.0,4.0,-2.0
2020,Hungary,BRONZE,7,495.0,3.6666666666666665,6.0
2020,Hungary,GOLD,6,502.0,4.666666666666667,-1.0
2020,Hungary,SILVER,7,508.0,6.666666666666667,1.0
2022,Hungary,BRONZE,2,515.0,5.0,-5.0
2022,Hungary,GOLD,1,517.0,3.3333333333333335,-1.0
1956,Iceland,SILVER,1,518.0,0.0,0.0
1984,Iceland,BRONZE,1,1.0,0.0,0.0
2000,Iceland,BRONZE,1,2.0,1.0,0.0
2008,Iceland,SILVER,1,3.0,1.0,0.0
1992,Independent Olympic Athletes,BRONZE,2,4.0,0.0,0.0
1992,Independent Olympic Athletes,SILVER,1,2.0,0.0,-1.0
2016,Independent Olympic Athletes,BRONZE,1,3.0,1.3333333333333333,0.0
2016,Independent Olympic Athletes,GOLD,1,4.0,1.0,0.0
1900,India,SILVER,2,5.0,0.0,0.0
1928,India,GOLD,1,2.0,0.0,-1.0
1932,India,GOLD,1,3.0,1.3333333333333333,0.0
1936,India,GOLD,1,4.0,1.0,0.0
1948,India,GOLD,1,5.0,1.0,0.0
1952,India,BRONZE,1,6.0,1.0,0.0
1952,India,GOLD,1,7.0,1.0,0.0
1956,India,GOLD,1,8.0,1.0,0.0
1960,India,SILVER,1,9.0,1.0,0.0
1964,India,GOLD,1,10.0,1.0,0.0
1968,India,BRONZE,1,11.0,1.0,0.0
1972,India,BRONZE,1,12.0,1.0,0.0
1980,India,GOLD,1,13.0,1.0,0.0
1996,India,BRONZE,1,14.0,1.0,0.0
2000,India,BRONZE,1,15.0,1.0,0.0
2004,India,SILVER,1,16.0,1.0,0.0
2008,India,BRONZE,2,17.0,1.3333333333333333,1.0
2008,India,GOLD,1,19.0,1.3333333333333333,-1.0
2012,India,BRONZE,4,20.0,2.3333333333333335,3.0
2012,India,SILVER,2,24.0,2.3333333333333335,-2.0
2016,India,BRONZE,1,26.0,2.3333333333333335,-1.0
2016,India,SILVER,1,27.0,1.3333333333333333,0.0
2020,India,BRONZE,4,28.0,2.0,3.0
2020,India,GOLD,1,32.0,2.0,-3.0
2020,India,SILVER,2,33.0,2.3333333333333335,1.0
1988,Indonesia,SILVER,1,35.0,0.0,0.0
1992,Indonesia,BRONZE,1,1.0,0.0,0.0
1992,Indonesia,GOLD,2,2.0,1.3333333333333333,1.0
1992,Indonesia,SILVER,2,4.0,1.6666666666666667,0.0
1996,Indonesia,BRONZE,2,6.0,2.0,0.0
1996,Indonesia,GOLD,1,8.0,1.6666666666666667,-1.0
1996,Indonesia,SILVER,1,9.0,1.3333333333333333,0.0
2000,Indonesia,BRONZE,2,10.0,1.3333333333333333,1.0
2000,Indonesia,GOLD,1,12.0,1.3333333333333333,-1.0
2000,Indonesia,SILVER,3,13.0,2.0,2.0
2004,Indonesia,BRONZE,2,16.0,2.0,-1.0
2004,Indonesia,GOLD,1,18.0,2.0,-1.0
2004,Indonesia,SILVER,1,19.0,1.3333333333333333,0.0
2008,Indonesia,BRONZE,4,20.0,2.0,3.0
2008,Indonesia,GOLD,1,24.0,2.0,-3.0
2008,Indonesia,SILVER,1,25.0,2.0,0.0
2012,Indonesia,BRONZE,1,26.0,1.0,0.0
2012,Indonesia,SILVER,2,27.0,1.3333333333333333,1.0
2016,Indonesia,GOLD,1,29.0,1.3333333333333333,-1.0
2016,Indonesia,SILVER,2,30.0,1.6666666666666667,1.0
2020,Indonesia,BRONZE,3,32.0,2.0,1.0
2020,Indonesia,GOLD,1,35.0,2.0,-2.0
2020,Indonesia,SILVER,1,36.0,1.6666666666666667,0.0
1960,Iraq,BRONZE,1,37.0,0.0,0.0
1928,Ireland,GOLD,1,1.0,0.0,0.0
1932,Ireland,GOLD,2,1.0,0.0,1.0
1952,Ireland,SILVER,1,3.0,1.3333333333333333,-1.0
1956,Ireland,BRONZE,3,4.0,2.0,2.0
1956,Ireland,GOLD,1,7.0,1.6666666666666667,-2.0
1956,Ireland,SILVER,1,8.0,1.6666666666666667,0.0
1964,Ireland,BRONZE,1,9.0,1.0,0.0
1980,Ireland,BRONZE,1,10.0,1.0,0.0
1980,Ireland,SILVER,1,11.0,1.0,0.0
1984,Ireland,SILVER,1,12.0,1.0,0.0
1992,Ireland,GOLD,1,13.0,1.0,0.0
1992,Ireland,SILVER,1,14.0,1.0,0.0
1996,Ireland,BRONZE,1,15.0,1.0,0.0
1996,Ireland,GOLD,3,16.0,1.6666666666666667,2.0
2000,Ireland,SILVER,1,19.0,1.6666666666666667,-2.0
2008,Ireland,BRONZE,2,20.0,2.0,1.0
2008,Ireland,SILVER,1,22.0,1.3333333333333333,-1.0
2012,Ireland,BRONZE,4,23.0,2.3333333333333335,3.0
2012,Ireland,GOLD,1,27.0,2.0,-3.0
2012,Ireland,SILVER,1,28.0,2.0,0.0
2016,Ireland,SILVER,2,29.0,1.3333333333333333,1.0
2020,Ireland,BRONZE,2,31.0,1.6666666666666667,0.0
2020,Ireland,GOLD,2,33.0,2.0,0.0
1948,Islamic Republic of Iran,BRONZE,1,35.0,0.0,0.0
1952,Islamic Republic of Iran,BRONZE,4,1.0,0.0,3.0
1952,Islamic Republic of Iran,SILVER,3,5.0,2.6666666666666665,-1.0
1956,Islamic Republic of Iran,BRONZE,1,8.0,2.6666666666666665,-2.0
1956,Islamic Republic of Iran,GOLD,2,9.0,2.0,1.0
1956,Islamic Republic of Iran,SILVER,2,11.0,1.6666666666666667,0.0
1960,Islamic Republic of Iran,BRONZE,3,13.0,2.3333333333333335,1.0
1960,Islamic Republic of Iran,SILVER,1,16.0,2.0,-2.0
1964,Islamic Republic of Iran,BRONZE,2,17.0,2.0,1.0
1968,Islamic Republic of Iran,BRONZE,2,19.0,1.6666666666666667,0.0
1968,Islamic Republic of Iran,GOLD,2,21.0,2.0,0.0
1968,Islamic Republic of Iran,SILVER,1,23.0,1.6666666666666667,-1.0
1972,Islamic Republic of Iran,BRONZE,1,24.0,1.3333333333333333,0.0
1972,Islamic Republic of Iran,SILVER,2,25.0,1.3333333333333333,1.0
1976,Islamic Republic of Iran,BRONZE,1,27.0,1.3333333333333333,-1.0
1976,Islamic Republic of Iran,SILVER,1,28.0,1.3333333333333333,0.0
1988,Islamic Republic of Iran,SILVER,1,29.0,1.0,0.0
1992,Islamic Republic of Iran,BRONZE,2,30.0,1.3333333333333333,1.0
1992,Islamic Republic of Iran,SILVER,1,32.0,1.3333333333333333,-1.0
1996,Islamic Republic of Iran,BRONZE,1,33.0,1.3333333333333333,0.0
1996,Islamic Republic of Iran,GOLD,1,34.0,1.0,0.0
1996,Islamic Republic of Iran,SILVER,1,35.0,1.0,0.0
2000,Islamic Republic of Iran,BRONZE,1,36.0,1.0,0.0
2000,Islamic Republic of Iran,GOLD,3,37.0,1.6666666666666667,2.0
2004,Islamic Republic of Iran,BRONZE,2,40.0,2.0,-1.0
2004,Islamic Republic of Iran,GOLD,2,42.0,2.3333333333333335,0.0
2004,Islamic Republic of Iran,SILVER,2,44.0,2.0,0.0
2008,Islamic Republic of Iran,BRONZE,1,46.0,1.6666666666666667,-1.0
2008,Islamic Republic of Iran,GOLD,1,47.0,1.3333333333333333,0.0
2012,Islamic Republic of Iran,BRONZE,1,48.0,1.0,0.0
2012,Islamic Republic of Iran,GOLD,6,49.0,2.6666666666666665,5.0
2012,Islamic Republic of Iran,SILVER,6,55.0,4.333333333333333,0.0
2016,Islamic Republic of Iran,BRONZE,4,61.0,5.333333333333333,-2.0
2016,Islamic Republic of Iran,GOLD,3,65.0,4.333333333333333,-1.0
2016,Islamic Republic of Iran,SILVER,1,68.0,2.6666666666666665,-2.0
2020,Islamic Republic of Iran,BRONZE,2,69.0,2.0,1.0
2020,Islamic Republic of Iran,GOLD,3,71.0,2.0,1.0
2020,Islamic Republic of Iran,SILVER,2,74.0,2.3333333333333335,-1.0
1992,Israel,BRONZE,1,76.0,0.0,0.0
1992,Israel,SILVER,1,1.0,0.0,0.0
1996,Israel,BRONZE,1,2.0,1.0,0.0
2000,Israel,BRONZE,1,3.0,1.0,0.0
2004,Israel,BRONZE,1,4.0,1.0,0.0
2004,Israel,GOLD,1,5.0,1.0,0.0
2008,Israel,BRONZE,1,6.0,1.0,0.0
2016,Israel,BRONZE,2,7.0,1.3333333333333333,1.0
2020,Israel,BRONZE,2,9.0,1.6666666666666667,0.0
2020,Israel,GOLD,2,11.0,2.0,0.0
1900,Italy,GOLD,3,13.0,0.0,0.0
1900,Italy,SILVER,2,3.0,0.0,-1.0
1908,Italy,GOLD,2,5.0,2.3333333333333335,0.0
1908,Italy,SILVER,2,7.0,2.0,0.0
1912,Italy,BRONZE,2,9.0,2.0,0.0
1912,Italy,GOLD,3,11.0,2.3333333333333335,1.0
1912,Italy,SILVER,1,14.0,2.0,-2.0
1920,Italy,BRONZE,5,15.0,3.0,4.0
1920,Italy,GOLD,13,20.0,6.333333333333333,8.0
1920,Italy,SILVER,5,33.0,7.666666666666667,-8.0
1924,Italy,BRONZE,5,38.0,7.666666666666667,0.0
1924,Italy,GOLD,8,43.0,6.0,3.0
1924,Italy,SILVER,3,51.0,5.333333333333333,-5.0
1928,Italy,BRONZE,7,54.0,6.0,4.0
1928,Italy,GOLD,7,61.0,5.666666666666667,0.0
1928,Italy,SILVER,5,68.0,6.333333333333333,-2.0
1932,Italy,BRONZE,12,73.0,8.0,7.0
1932,Italy,GOLD,12,85.0,9.666666666666666,0.0
1932,Italy,SILVER,12,97.0,12.0,0.0
1936,Italy,BRONZE,5,109.0,9.666666666666666,-7.0
1936,Italy,GOLD,8,114.0,8.333333333333334,3.0
1936,Italy,SILVER,9,122.0,7.333333333333333,1.0
1948,Italy,BRONZE,8,131.0,8.333333333333334,-1.0
1948,Italy,GOLD,9,139.0,8.666666666666666,1.0
1948,Italy,SILVER,11,148.0,9.333333333333334,2.0
1952,Italy,BRONZE,5,159.0,8.333333333333334,-6.0
1952,Italy,GOLD,9,164.0,8.333333333333334,4.0
1952,Italy,SILVER,9,173.0,7.666666666666667,0.0
1956,Italy,BRONZE,8,182.0,8.666666666666666,-1.0
1956,Italy,GOLD,9,190.0,8.666666666666666,1.0
1956,Italy,SILVER,8,199.0,8.333333333333334,-1.0
1960,Italy,BRONZE,14,207.0,10.333333333333334,6.0
1960,Italy,GOLD,13,221.0,11.666666666666666,-1.0
1960,Italy,SILVER,10,234.0,12.333333333333334,-3.0
1964,Italy,BRONZE,10,244.0,11.0,0.0
1964,Italy,GOLD,10,254.0,10.0,0.0
1964,Italy,SILVER,11,264.0,10.333333333333334,1.0
1968,Italy,BRONZE,9,275.0,10.0,-2.0
1968,Italy,GOLD,7,284.0,9.0,-2.0
1968,Italy,SILVER,4,291.0,6.666666666666667,-3.0
1972,Italy,BRONZE,11,295.0,7.333333333333333,7.0
1972,Italy,GOLD,7,306.0,7.333333333333333,-4.0
1972,Italy,SILVER,5,313.0,7.666666666666667,-2.0
1976,Italy,BRONZE,5,318.0,5.666666666666667,0.0
1976,Italy,GOLD,3,323.0,4.333333333333333,-2.0
1976,Italy,SILVER,9,326.0,5.666666666666667,6.0
1980,Italy,BRONZE,4,335.0,5.333333333333333,-5.0
1980,Italy,GOLD,8,339.0,7.0,4.0
1980,Italy,SILVER,5,347.0,5.666666666666667,-3.0
1984,Italy,BRONZE,12,352.0,8.333333333333334,7.0
1984,Italy,GOLD,16,364.0,11.0,4.0
1984,Italy,SILVER,6,380.0,11.333333333333334,-10.0
1988,Italy,BRONZE,6,386.0,9.333333333333334,0.0
1988,Italy,GOLD,8,392.0,6.666666666666667,2.0
1988,Italy,SILVER,5,400.0,6.333333333333333,-3.0
1992,Italy,BRONZE,12,405.0,8.333333333333334,7.0
1992,Italy,GOLD,10,417.0,9.0,-2.0
1992,Italy,SILVER,11,427.0,11.0,1.0
1994,Italy,BRONZE,8,438.0,9.666666666666666,-3.0
1994,Italy,GOLD,7,446.0,8.666666666666666,-1.0
1994,Italy,SILVER,5,453.0,6.666666666666667,-2.0
1996,Italy,BRONZE,12,458.0,8.0,7.0
1996,Italy,GOLD,13,470.0,10.0,1.0
1996,Italy,SILVER,10,483.0,11.666666666666666,-3.0
1998,Italy,BRONZE,2,493.0,8.333333333333334,-8.0
1998,Italy,GOLD,2,495.0,4.666666666666667,0.0
1998,Italy,SILVER,6,497.0,3.3333333333333335,4.0
2000,Italy,BRONZE,13,503.0,7.0,7.0
2000,Italy,GOLD,13,516.0,10.666666666666666,0.0
2000,Italy,SILVER,8,529.0,11.333333333333334,-5.0
2002,Italy,BRONZE,5,537.0,8.666666666666666,-3.0
2002,Italy,GOLD,4,542.0,5.666666666666667,-1.0
2002,Italy,SILVER,4,546.0,4.333333333333333,0.0
2004,Italy,BRONZE,11,550.0,6.333333333333333,7.0
2004,Italy,GOLD,10,561.0,8.333333333333334,-1.0
2004,Italy,SILVER,11,571.0,10.666666666666666,1.0
2006,Italy,BRONZE,6,582.0,9.0,-5.0
2006,Italy,GOLD,5,588.0,7.333333333333333,-1.0
2008,Italy,BRONZE,10,593.0,7.0,5.0
2008,Italy,GOLD,8,603.0,7.666666666666667,-2.0
2008,Italy,SILVER,9,611.0,9.0,1.0
2010,Italy,BRONZE,3,620.0,6.666666666666667,-6.0
2010,Italy,GOLD,1,623.0,4.333333333333333,-2.0
2010,Italy,SILVER,1,624.0,1.6666666666666667,0.0
2012,Italy,BRONZE,11,625.0,4.333333333333333,10.0
2012,Italy,GOLD,8,636.0,6.666666666666667,-3.0
2012,Italy,SILVER,9,644.0,9.333333333333334,1.0
2014,Italy,BRONZE,6,653.0,7.666666666666667,-3.0
2014,Italy,SILVER,2,659.0,5.666666666666667,-4.0
2016,Italy,BRONZE,8,661.0,5.333333333333333,6.0
2016,Italy,GOLD,8,669.0,6.0,0.0
2016,Italy,SILVER,12,677.0,9.333333333333334,4.0
2018,Italy,BRONZE,5,689.0,8.333333333333334,-7.0
2018,Italy,GOLD,3,694.0,6.666666666666667,-2.0
2018,Italy,SILVER,2,697.0,3.3333333333333335,-1.0
2020,Italy,BRONZE,20,699.0,8.333333333333334,18.0
2020,Italy,GOLD,10,719.0,10.666666666666666,-10.0
2020,Italy,SILVER,10,729.0,13.333333333333334,0.0
2022,Italy,BRONZE,8,739.0,9.333333333333334,-2.0
2022,Italy,GOLD,2,747.0,6.666666666666667,-6.0
2022,Italy,SILVER,7,749.0,5.666666666666667,5.0
1948,Jamaica,GOLD,1,756.0,0.0,0.0
1948,Jamaica,SILVER,2,1.0,0.0,1.0
1952,Jamaica,GOLD,2,3.0,1.6666666666666667,0.0
1952,Jamaica,SILVER,3,5.0,2.3333333333333335,1.0
1968,Jamaica,SILVER,1,8.0,2.0,-2.0
1972,Jamaica,BRONZE,1,9.0,1.6666666666666667,0.0
1976,Jamaica,GOLD,1,10.0,1.0,0.0
1976,Jamaica,SILVER,1,11.0,1.0,0.0
1980,Jamaica,BRONZE,3,12.0,1.6666666666666667,2.0
1984,Jamaica,BRONZE,2,15.0,2.0,-1.0
1984,Jamaica,SILVER,1,17.0,2.0,-1.0
1988,Jamaica,SILVER,2,18.0,1.6666666666666667,1.0
1992,Jamaica,BRONZE,1,20.0,1.3333333333333333,-1.0
1992,Jamaica,SILVER,3,21.0,2.0,2.0
1996,Jamaica,BRONZE,2,24.0,2.0,-1.0
1996,Jamaica,GOLD,1,26.0,2.0,-1.0
1996,Jamaica,SILVER,3,27.0,2.0,2.0
2000,Jamaica,BRONZE,3,30.0,2.3333333333333335,0.0
2000,Jamaica,SILVER,6,33.0,4.0,3.0
2004,Jamaica,BRONZE,2,39.0,3.6666666666666665,-4.0
2004,Jamaica,GOLD,2,41.0,3.3333333333333335,0.0
2004,Jamaica,SILVER,1,43.0,1.6666666666666667,-1.0
2008,Jamaica,BRONZE,1,44.0,1.3333333333333333,0.0
2008,Jamaica,GOLD,5,45.0,2.3333333333333335,4.0
2008,Jamaica,SILVER,3,50.0,3.0,-2.0
2012,Jamaica,BRONZE,3,53.0,3.6666666666666665,0.0
2012,Jamaica,GOLD,4,56.0,3.3333333333333335,1.0
2012,Jamaica,SILVER,5,60.0,4.0,1.0
2016,Jamaica,BRONZE,2,65.0,3.6666666666666665,-3.0
2016,Jamaica,GOLD,6,67.0,4.333333333333333,4.0
2016,Jamaica,SILVER,3,73.0,3.6666666666666665,-3.0
2020,Jamaica,BRONZE,4,76.0,4.333333333333333,1.0
2020,Jamaica,GOLD,4,80.0,3.6666666666666665,0.0
2020,Jamaica,SILVER,1,84.0,3.0,-3.0
1920,Japan,SILVER,2,85.0,0.0,0.0
1924,Japan,BRONZE,1,2.0,0.0,-1.0
1928,Japan,BRONZE,1,3.0,1.3333333333333333,0.0
1928,Japan,GOLD,2,4.0,1.3333333333333333,1.0
1928,Japan,SILVER,2,6.0,1.6666666666666667,0.0
1932,Japan,BRONZE,4,8.0,2.6666666666666665,2.0
1932,Japan,GOLD,7,12.0,4.333333333333333,3.0
1932,Japan,SILVER,7,19.0,6.0,0.0
1936,Japan,BRONZE,8,26.0,7.333333333333333,1.0
1936,Japan,GOLD,6,34.0,7.0,-2.0
1936,Japan,SILVER,4,40.0,6.0,-2.0
1952,Japan,BRONZE,1,44.0,3.6666666666666665,-3.0
1952,Japan,GOLD,1,45.0,2.0,0.0
1952,Japan,SILVER,6,46.0,2.6666666666666665,5.0
1956,Japan,BRONZE,3,52.0,3.3333333333333335,-3.0
1956,Japan,GOLD,4,55.0,4.333333333333333,1.0
1956,Japan,SILVER,11,59.0,6.0,7.0
1960,Japan,BRONZE,7,70.0,7.333333333333333,-4.0
1960,Japan,GOLD,4,77.0,7.333333333333333,-3.0
1960,Japan,SILVER,7,81.0,6.0,3.0
1964,Japan,BRONZE,8,88.0,6.333333333333333,1.0
1964,Japan,GOLD,16,96.0,10.333333333333334,8.0
1964,Japan,SILVER,5,112.0,9.666666666666666,-11.0
1968,Japan,BRONZE,7,117.0,9.333333333333334,2.0
1968,Japan,GOLD,11,124.0,7.666666666666667,4.0
1968,Japan,SILVER,7,135.0,8.333333333333334,-4.0
1972,Japan,BRONZE,9,142.0,9.0,2.0
1972,Japan,GOLD,14,151.0,10.0,5.0
1972,Japan,SILVER,9,165.0,10.666666666666666,-5.0
1976,Japan,BRONZE,10,174.0,11.0,1.0
1976,Japan,GOLD,9,184.0,9.333333333333334,-1.0
1976,Japan,SILVER,6,193.0,8.333333333333334,-3.0
1980,Japan,SILVER,1,199.0,5.333333333333333,-5.0
1984,Japan,BRONZE,14,200.0,7.0,13.0
1984,Japan,GOLD,10,214.0,8.333333333333334,-4.0
1984,Japan,SILVER,8,224.0,10.666666666666666,-2.0
1988,Japan,BRONZE,8,232.0,8.666666666666666,0.0
1988,Japan,GOLD,4,240.0,6.666666666666667,-4.0
1988,Japan,SILVER,3,244.0,5.0,-1.0
1992,Japan,BRONZE,15,247.0,7.333333333333333,12.0
1992,Japan,GOLD,4,262.0,7.333333333333333,-11.0
1992,Japan,SILVER,10,266.0,9.666666666666666,6.0
1994,Japan,BRONZE,2,276.0,5.333333333333333,-8.0
1994,Japan,GOLD,1,278.0,4.333333333333333,-1.0
1994,Japan,SILVER,2,279.0,1.6666666666666667,1.0
1996,Japan,BRONZE,5,281.0,2.6666666666666665,3.0
1996,Japan,GOLD,3,286.0,3.3333333333333335,-2.0
1996,Japan,SILVER,6,289.0,4.666666666666667,3.0
1998,Japan,BRONZE,4,295.0,4.333333333333333,-2.0
1998,Japan,GOLD,5,299.0,5.0,1.0
1998,Japan,SILVER,1,304.0,3.3333333333333335,-4.0
2000,Japan,BRONZE,5,305.0,3.6666666666666665,4.0
2000,Japan,GOLD,5,310.0,3.6666666666666665,0.0
2000,Japan,SILVER,8,315.0,6.0,3.0
2002,Japan,BRONZE,1,323.0,4.666666666666667,-7.0
2002,Japan,SILVER,1,324.0,3.3333333333333335,0.0
2004,Japan,BRONZE,12,325.0,4.666666666666667,11.0
2004,Japan,GOLD,16,337.0,9.666666666666666,4.0
2004,Japan,SILVER,9,353.0,12.333333333333334,-7.0
2006,Japan,GOLD,1,362.0,8.666666666666666,-8.0
2008,Japan,BRONZE,8,363.0,6.0,7.0
2008,Japan,GOLD,9,371.0,6.0,1.0
2008,Japan,SILVER,8,380.0,8.333333333333334,-1.0
2010,Japan,BRONZE,2,388.0,6.333333333333333,-6.0
2010,Japan,SILVER,3,390.0,4.333333333333333,1.0
2012,Japan,BRONZE,17,393.0,7.333333333333333,14.0
2012,Japan,GOLD,7,410.0,9.0,-10.0
2012,Japan,SILVER,14,417.0,12.666666666666666,7.0
2014,Japan,BRONZE,3,431.0,8.0,-11.0
2014,Japan,GOLD,1,434.0,6.0,-2.0
2014,Japan,SILVER,4,435.0,2.6666666666666665,3.0
2016,Japan,BRONZE,21,439.0,8.666666666666666,17.0
2016,Japan,GOLD,12,460.0,12.333333333333334,-9.0
2016,Japan,SILVER,8,472.0,13.666666666666666,-4.0
2018,Japan,BRONZE,4,480.0,8.0,-4.0
2018,Japan,GOLD,4,484.0,5.333333333333333,0.0
2018,Japan,SILVER,5,488.0,4.333333333333333,1.0
2020,Japan,BRONZE,17,493.0,8.666666666666666,12.0
2020,Japan,GOLD,27,510.0,16.333333333333332,10.0
2020,Japan,SILVER,14,537.0,19.333333333333332,-13.0
2022,Japan,BRONZE,9,551.0,16.666666666666668,-5.0
2022,Japan,GOLD,3,560.0,8.666666666666666,-6.0
2022,Japan,SILVER,6,563.0,6.0,3.0
2016,Jordan,GOLD,1,569.0,0.0,0.0
2020,Jordan,BRONZE,1,1.0,0.0,0.0
2020,Jordan,SILVER,1,2.0,1.0,0.0
1994,Kazakhstan,GOLD,1,3.0,0.0,0.0
1994,Kazakhstan,SILVER,2,1.0,0.0,1.0
1996,Kazakhstan,BRONZE,4,3.0,2.3333333333333335,2.0
1996,Kazakhstan,GOLD,3,7.0,3.0,-1.0
1996,Kazakhstan,SILVER,4,10.0,3.6666666666666665,1.0
1998,Kazakhstan,BRONZE,2,14.0,3.0,-2.0
2000,Kazakhstan,GOLD,3,16.0,3.0,1.0
2000,Kazakhstan,SILVER,4,19.0,3.0,1.0
2004,Kazakhstan,BRONZE,3,23.0,3.3333333333333335,-1.0
2004,Kazakhstan,GOLD,1,26.0,2.6666666666666665,-2.0
2004,Kazakhstan,SILVER,4,27.0,2.6666666666666665,3.0
2008,Kazakhstan,BRONZE,4,31.0,3.0,0.0
2008,Kazakhstan,GOLD,2,35.0,3.3333333333333335,-2.0
2008,Kazakhstan,SILVER,3,37.0,3.0,1.0
2010,Kazakhstan,SILVER,1,40.0,2.0,-2.0
2012,Kazakhstan,BRONZE,6,41.0,3.3333333333333335,5.0
2012,Kazakhstan,GOLD,3,47.0,3.3333333333333335,-3.0
2012,Kazakhstan,SILVER,2,50.0,3.6666666666666665,-1.0
2014,Kazakhstan,BRONZE,1,52.0,2.0,-1.0
2016,Kazakhstan,BRONZE,10,53.0,4.333333333333333,9.0
2016,Kazakhstan,GOLD,3,63.0,4.666666666666667,-7.0
2016,Kazakhstan,SILVER,5,66.0,6.0,2.0
2018,Kazakhstan,BRONZE,1,71.0,3.0,-4.0
2020,Kazakhstan,BRONZE,8,72.0,4.666666666666667,7.0
1964,Kenya,BRONZE,1,80.0,0.0,0.0
1968,Kenya,BRONZE,2,1.0,0.0,1.0
1968,Kenya,GOLD,3,3.0,2.0,1.0
1968,Kenya,SILVER,4,6.0,3.0,1.0
1972,Kenya,BRONZE,4,10.0,3.6666666666666665,0.0
1972,Kenya,GOLD,2,14.0,3.3333333333333335,-2.0
1972,Kenya,SILVER,3,16.0,3.0,1.0
1984,Kenya,BRONZE,2,19.0,2.3333333333333335,-1.0
1984,Kenya,GOLD,1,21.0,2.0,-1.0
1988,Kenya,BRONZE,2,22.0,1.6666666666666667,1.0
1988,Kenya,GOLD,5,24.0,2.6666666666666665,3.0
1988,Kenya,SILVER,2,29.0,3.0,-3.0
1992,Kenya,BRONZE,2,31.0,3.0,0.0
1992,Kenya,GOLD,2,33.0,2.0,0.0
1992,Kenya,SILVER,4,35.0,2.6666666666666665,2.0
1996,Kenya,BRONZE,3,39.0,3.0,-1.0
1996,Kenya,GOLD,1,42.0,2.6666666666666665,-2.0
1996,Kenya,SILVER,4,43.0,2.6666666666666665,3.0
2000,Kenya,BRONZE,2,47.0,2.3333333333333335,-2.0
2000,Kenya,GOLD,2,49.0,2.6666666666666665,0.0
2000,Kenya,SILVER,3,51.0,2.3333333333333335,1.0
2004,Kenya,BRONZE,2,54.0,2.3333333333333335,-1.0
2004,Kenya,GOLD,1,56.0,2.0,-1.0
2004,Kenya,SILVER,4,57.0,2.3333333333333335,3.0
2008,Kenya,BRONZE,6,61.0,3.6666666666666665,2.0
2008,Kenya,GOLD,6,67.0,5.333333333333333,0.0
2008,Kenya,SILVER,4,73.0,5.333333333333333,-2.0
2012,Kenya,BRONZE,6,77.0,5.333333333333333,2.0
2012,Kenya,GOLD,2,83.0,4.0,-4.0
2012,Kenya,SILVER,4,85.0,4.0,2.0
2016,Kenya,BRONZE,1,89.0,2.3333333333333335,-3.0
2016,Kenya,GOLD,6,90.0,3.6666666666666665,5.0
2016,Kenya,SILVER,6,96.0,4.333333333333333,0.0
2020,Kenya,BRONZE,2,102.0,4.666666666666667,-4.0
2020,Kenya,GOLD,4,104.0,4.0,2.0
2020,Kenya,SILVER,4,108.0,3.3333333333333335,0.0
2016,Kosovo,GOLD,1,112.0,0.0,0.0
2020,Kosovo,GOLD,2,1.0,0.0,1.0
2000,Kuwait,BRONZE,1,3.0,0.0,0.0
2012,Kuwait,BRONZE,1,1.0,0.0,0.0
2020,Kuwait,BRONZE,1,2.0,1.0,0.0
2000,Kyrgyzstan,BRONZE,1,3.0,0.0,0.0
2008,Kyrgyzstan,BRONZE,2,1.0,0.0,1.0
2008,Kyrgyzstan,SILVER,1,3.0,1.3333333333333333,-1.0
2020,Kyrgyzstan,BRONZE,1,4.0,1.3333333333333333,0.0
2020,Kyrgyzstan,SILVER,2,5.0,1.3333333333333333,1.0
1932,Latvia,SILVER,1,7.0,0.0,0.0
1936,Latvia,BRONZE,1,1.0,0.0,0.0
1936,Latvia,SILVER,1,2.0,1.0,0.0
1992,Latvia,BRONZE,1,3.0,1.0,0.0
1992,Latvia,SILVER,2,4.0,1.3333333333333333,1.0
1996,Latvia,SILVER,1,6.0,1.3333333333333333,-1.0
2000,Latvia,BRONZE,1,7.0,1.3333333333333333,0.0
2000,Latvia,GOLD,1,8.0,1.0,0.0
2000,Latvia,SILVER,1,9.0,1.0,0.0
2004,Latvia,SILVER,4,10.0,2.0,3.0
2006,Latvia,BRONZE,1,14.0,2.0,-3.0
2008,Latvia,BRONZE,1,15.0,2.0,0.0
2008,Latvia,GOLD,1,16.0,1.0,0.0
2008,Latvia,SILVER,1,17.0,1.0,0.0
2010,Latvia,SILVER,2,18.0,1.3333333333333333,1.0
2012,Latvia,BRONZE,1,20.0,1.3333333333333333,-1.0
2012,Latvia,GOLD,1,21.0,1.3333333333333333,0.0
2014,Latvia,BRONZE,3,22.0,1.6666666666666667,2.0
2014,Latvia,GOLD,1,25.0,1.6666666666666667,-2.0
2014,Latvia,SILVER,1,26.0,1.6666666666666667,0.0
2018,Latvia,BRONZE,1,27.0,1.0,0.0
2020,Latvia,BRONZE,1,28.0,1.0,0.0
2020,Latvia,GOLD,1,29.0,1.0,0.0
2022,Latvia,BRONZE,1,30.0,1.0,0.0
1952,Lebanon,BRONZE,1,31.0,0.0,0.0
1952,Lebanon,SILVER,1,1.0,0.0,0.0
1972,Lebanon,SILVER,1,2.0,1.0,0.0
1980,Lebanon,BRONZE,1,3.0,1.0,0.0
1976,Liechtenstein,BRONZE,2,4.0,0.0,0.0
1980,Liechtenstein,GOLD,2,2.0,0.0,0.0
1980,Liechtenstein,SILVER,2,4.0,2.0,0.0
1984,Liechtenstein,BRONZE,2,6.0,2.0,0.0
1988,Liechtenstein,BRONZE,1,8.0,1.6666666666666667,-1.0
2018,Liechtenstein,BRONZE,1,9.0,1.3333333333333333,0.0
1992,Lithuania,BRONZE,1,10.0,0.0,0.0
1992,Lithuania,GOLD,1,1.0,0.0,0.0
1996,Lithuania,BRONZE,1,2.0,1.0,0.0
2000,Lithuania,BRONZE,3,3.0,1.6666666666666667,2.0
2000,Lithuania,GOLD,2,6.0,2.0,-1.0
2004,Lithuania,GOLD,1,8.0,2.0,-1.0
2004,Lithuania,SILVER,2,9.0,1.6666666666666667,1.0
2008,Lithuania,BRONZE,2,11.0,1.6666666666666667,0.0
2008,Lithuania,SILVER,3,13.0,2.3333333333333335,1.0
2012,Lithuania,BRONZE,3,16.0,2.6666666666666665,0.0
2012,Lithuania,GOLD,2,19.0,2.6666666666666665,-1.0
2016,Lithuania,BRONZE,3,21.0,2.6666666666666665,1.0
2016,Lithuania,SILVER,1,24.0,2.0,-2.0
2020,Lithuania,SILVER,1,25.0,1.6666666666666667,0.0
1900,Luxembourg,GOLD,1,26.0,0.0,0.0
1920,Luxembourg,SILVER,1,1.0,0.0,0.0
1952,Luxembourg,GOLD,1,2.0,1.0,0.0
1992,Luxembourg,SILVER,2,3.0,1.3333333333333333,1.0
1896,MIX,BRONZE,1,5.0,0.0,0.0
1896,MIX,GOLD,1,1.0,0.0,0.0
1900,MIX,BRONZE,4,2.0,2.0,3.0
1900,MIX,GOLD,8,6.0,4.333333333333333,4.0
1900,MIX,SILVER,5,14.0,5.666666666666667,-3.0
1904,MIX,BRONZE,1,19.0,4.666666666666667,-4.0
1904,MIX,GOLD,2,20.0,2.6666666666666665,1.0
1904,MIX,SILVER,1,22.0,1.3333333333333333,-1.0
1992,Malaysia,BRONZE,1,23.0,0.0,0.0
1996,Malaysia,BRONZE,1,1.0,0.0,0.0
1996,Malaysia,SILVER,1,2.0,1.0,0.0
2008,Malaysia,SILVER,1,3.0,1.0,0.0
2012,Malaysia,BRONZE,1,4.0,1.0,0.0
2012,Malaysia,SILVER,1,5.0,1.0,0.0
2016,Malaysia,BRONZE,1,6.0,1.0,0.0
2016,Malaysia,SILVER,4,7.0,2.0,3.0
2020,Malaysia,BRONZE,1,11.0,2.0,-3.0
2020,Malaysia,SILVER,1,12.0,2.0,0.0
2008,Mauritius,BRONZE,1,13.0,0.0,0.0
1932,Mexico,SILVER,2,1.0,0.0,0.0
1936,Mexico,BRONZE,3,2.0,0.0,1.0
1948,Mexico,BRONZE,2,5.0,2.3333333333333335,-1.0
1948,Mexico,GOLD,2,7.0,2.3333333333333335,0.0
1948,Mexico,SILVER,1,9.0,1.6666666666666667,-1.0
1952,Mexico,SILVER,1,10.0,1.3333333333333333,0.0
1956,Mexico,BRONZE,1,11.0,1.0,0.0
1956,Mexico,GOLD,1,12.0,1.0,0.0
1960,Mexico,BRONZE,1,13.0,1.0,0.0
1964,Mexico,BRONZE,1,14.0,1.0,0.0
1968,Mexico,BRONZE,3,15.0,1.6666666666666667,2.0
1968,Mexico,GOLD,3,18.0,2.3333333333333335,0.0
1968,Mexico,SILVER,3,21.0,3.0,0.0
1972,Mexico,SILVER,1,24.0,2.3333333333333335,-2.0
1976,Mexico,BRONZE,1,25.0,1.6666666666666667,0.0
1976,Mexico,GOLD,1,26.0,1.0,0.0
1980,Mexico,BRONZE,3,27.0,1.6666666666666667,2.0
1980,Mexico,SILVER,1,30.0,1.6666666666666667,-2.0
1984,Mexico,BRONZE,1,31.0,1.6666666666666667,0.0
1984,Mexico,GOLD,2,32.0,1.3333333333333333,1.0
1984,Mexico,SILVER,3,34.0,2.0,1.0
1988,Mexico,BRONZE,2,37.0,2.3333333333333335,-1.0
1992,Mexico,SILVER,1,39.0,2.0,-1.0
1996,Mexico,BRONZE,1,40.0,1.3333333333333333,0.0
2000,Mexico,BRONZE,3,41.0,1.6666666666666667,2.0
2000,Mexico,GOLD,1,44.0,1.6666666666666667,-2.0
2000,Mexico,SILVER,2,45.0,2.0,1.0
2004,Mexico,BRONZE,1,47.0,1.3333333333333333,-1.0
2004,Mexico,SILVER,3,48.0,2.0,2.0
2008,Mexico,BRONZE,2,51.0,2.0,-1.0
2008,Mexico,GOLD,2,53.0,2.3333333333333335,0.0
2012,Mexico,BRONZE,4,55.0,2.6666666666666665,2.0
2012,Mexico,GOLD,1,59.0,2.3333333333333335,-3.0
2012,Mexico,SILVER,3,60.0,2.6666666666666665,2.0
2016,Mexico,BRONZE,2,63.0,2.0,-1.0
2016,Mexico,SILVER,3,65.0,2.6666666666666665,1.0
2020,Mexico,BRONZE,4,68.0,3.0,1.0
1968,Mongolia,BRONZE,3,72.0,0.0,0.0
1968,Mongolia,SILVER,1,3.0,0.0,-2.0
1972,Mongolia,SILVER,1,4.0,1.6666666666666667,0.0
1976,Mongolia,SILVER,1,5.0,1.0,0.0
1980,Mongolia,BRONZE,2,6.0,1.3333333333333333,1.0
1980,Mongolia,SILVER,2,8.0,1.6666666666666667,0.0
1988,Mongolia,BRONZE,1,10.0,1.6666666666666667,-1.0
1992,Mongolia,BRONZE,2,11.0,1.6666666666666667,1.0
1996,Mongolia,BRONZE,1,13.0,1.3333333333333333,-1.0
2004,Mongolia,BRONZE,1,14.0,1.3333333333333333,0.0
2008,Mongolia,GOLD,2,15.0,1.3333333333333333,1.0
2008,Mongolia,SILVER,2,17.0,1.6666666666666667,0.0
2012,Mongolia,BRONZE,3,19.0,2.3333333333333335,1.0
2012,Mongolia,SILVER,2,22.0,2.3333333333333335,-1.0
2016,Mongolia,BRONZE,1,24.0,2.0,-1.0
2016,Mongolia,SILVER,1,25.0,1.3333333333333333,0.0
2020,Mongolia,BRONZE,3,26.0,1.6666666666666667,2.0
2020,Mongolia,SILVER,1,29.0,1.6666666666666667,-2.0
2012,Montenegro,SILVER,1,30.0,0.0,0.0
1960,Morocco,SILVER,1,1.0,0.0,0.0
1984,Morocco,GOLD,2,1.0,0.0,1.0
1988,Morocco,BRONZE,2,3.0,1.6666666666666667,0.0
1988,Morocco,GOLD,1,5.0,1.6666666666666667,-1.0
1992,Morocco,BRONZE,1,6.0,1.3333333333333333,0.0
1992,Morocco,GOLD,1,7.0,1.0,0.0
1992,Morocco,SILVER,1,8.0,1.0,0.0
1996,Morocco,BRONZE,2,9.0,1.3333333333333333,1.0
2000,Morocco,BRONZE,4,11.0,2.3333333333333335,2.0
2000,Morocco,SILVER,1,15.0,2.3333333333333335,-3.0
2004,Morocco,GOLD,2,16.0,2.3333333333333335,1.0
2004,Morocco,SILVER,1,18.0,1.3333333333333333,-1.0
2008,Morocco,BRONZE,1,19.0,1.3333333333333333,0.0
2008,Morocco,SILVER,1,20.0,1.0,0.0
2012,Morocco,BRONZE,1,21.0,1.0,0.0
2016,Morocco,BRONZE,1,22.0,1.0,0.0
2020,Morocco,GOLD,1,23.0,1.0,0.0
1996,Mozambique,BRONZE,1,24.0,0.0,0.0
2000,Mozambique,GOLD,1,1.0,0.0,0.0
1992,Namibia,SILVER,2,2.0,0.0,0.0
1996,Namibia,SILVER,2,2.0,0.0,0.0
2020,Namibia,SILVER,1,4.0,1.6666666666666667,-1.0
1900,Netherlands,BRONZE,3,5.0,0.0,0.0
1900,Netherlands,SILVER,2,3.0,0.0,-1.0
1908,Netherlands,BRONZE,2,5.0,2.3333333333333335,0.0
1912,Netherlands,BRONZE,3,7.0,2.3333333333333335,1.0
1920,Netherlands,BRONZE,5,10.0,3.3333333333333335,2.0
1920,Netherlands,GOLD,4,15.0,4.0,-1.0
1920,Netherlands,SILVER,2,19.0,3.6666666666666665,-2.0
1924,Netherlands,BRONZE,5,21.0,3.6666666666666665,3.0
1924,Netherlands,GOLD,4,26.0,3.6666666666666665,-1.0
1924,Netherlands,SILVER,1,30.0,3.3333333333333335,-3.0
1928,Netherlands,BRONZE,4,31.0,3.0,3.0
1928,Netherlands,GOLD,6,35.0,3.6666666666666665,2.0
1928,Netherlands,SILVER,9,41.0,6.333333333333333,3.0
1932,Netherlands,GOLD,2,50.0,5.666666666666667,-7.0
1932,Netherlands,SILVER,5,52.0,5.333333333333333,3.0
1936,Netherlands,BRONZE,6,57.0,4.333333333333333,1.0
1936,Netherlands,GOLD,5,63.0,5.333333333333333,-1.0
1936,Netherlands,SILVER,4,68.0,5.0,-1.0
1948,Netherlands,BRONZE,9,72.0,6.0,5.0
1948,Netherlands,GOLD,5,81.0,6.0,-4.0
1948,Netherlands,SILVER,2,86.0,5.333333333333333,-3.0
1952,Netherlands,SILVER,8,88.0,5.0,6.0
1960,Netherlands,BRONZE,3,96.0,4.333333333333333,-5.0
1960,Netherlands,SILVER,2,99.0,4.333333333333333,-1.0
1964,Netherlands,BRONZE,4,101.0,3.0,2.0
1964,Netherlands,GOLD,3,105.0,3.0,-1.0
1964,Netherlands,SILVER,5,108.0,4.0,2.0
1968,Netherlands,BRONZE,4,113.0,4.0,-1.0
1968,Netherlands,GOLD,6,117.0,5.0,2.0
1968,Netherlands,SILVER,6,123.0,5.333333333333333,0.0
1972,Netherlands,BRONZE,3,129.0,5.0,-3.0
1972,Netherlands,GOLD,7,132.0,5.333333333333333,4.0
1972,Netherlands,SILVER,4,139.0,4.666666666666667,-3.0
1976,Netherlands,BRONZE,6,143.0,5.666666666666667,2.0
1976,Netherlands,GOLD,1,149.0,3.6666666666666665,-5.0
1976,Netherlands,SILVER,4,150.0,3.6666666666666665,3.0
1980,Netherlands,BRONZE,3,154.0,2.6666666666666665,-1.0
1980,Netherlands,GOLD,1,157.0,2.6666666666666665,-2.0
1980,Netherlands,SILVER,3,158.0,2.3333333333333335,2.0
1984,Netherlands,BRONZE,6,161.0,3.3333333333333335,3.0
1984,Netherlands,GOLD,5,167.0,4.666666666666667,-1.0
1984,Netherlands,SILVER,2,172.0,4.333333333333333,-3.0
1988,Netherlands,BRONZE,7,174.0,4.666666666666667,5.0
1988,Netherlands,GOLD,5,181.0,4.666666666666667,-2.0
1988,Netherlands,SILVER,4,186.0,5.333333333333333,-1.0
1992,Netherlands,BRONZE,9,190.0,6.0,5.0
1992,Netherlands,GOLD,3,199.0,5.333333333333333,-6.0
1992,Netherlands,SILVER,7,202.0,6.333333333333333,4.0
1994,Netherlands,BRONZE,3,209.0,4.333333333333333,-4.0
1994,Netherlands,SILVER,1,212.0,3.6666666666666665,-2.0
1996,Netherlands,BRONZE,10,213.0,4.666666666666667,9.0
1996,Netherlands,GOLD,4,223.0,5.0,-6.0
1996,Netherlands,SILVER,5,227.0,6.333333333333333,1.0
1998,Netherlands,BRONZE,2,232.0,3.6666666666666665,-3.0
1998,Netherlands,GOLD,5,234.0,4.0,3.0
1998,Netherlands,SILVER,4,239.0,3.6666666666666665,-1.0
2000,Netherlands,BRONZE,4,243.0,4.333333333333333,0.0
2000,Netherlands,GOLD,12,247.0,6.666666666666667,8.0
2000,Netherlands,SILVER,9,259.0,8.333333333333334,-3.0
2002,Netherlands,GOLD,3,268.0,8.0,-6.0
2002,Netherlands,SILVER,5,271.0,5.666666666666667,2.0
2004,Netherlands,BRONZE,9,276.0,5.666666666666667,4.0
2004,Netherlands,GOLD,4,285.0,6.0,-5.0
2004,Netherlands,SILVER,9,289.0,7.333333333333333,5.0
2006,Netherlands,BRONZE,4,298.0,5.666666666666667,-5.0
2006,Netherlands,GOLD,3,302.0,5.333333333333333,-1.0
2006,Netherlands,SILVER,2,305.0,3.0,-1.0
2008,Netherlands,BRONZE,4,307.0,3.0,2.0
2008,Netherlands,GOLD,7,311.0,4.333333333333333,3.0
2008,Netherlands,SILVER,5,318.0,5.333333333333333,-2.0
2010,Netherlands,BRONZE,3,323.0,5.0,-2.0
2010,Netherlands,GOLD,4,326.0,4.0,1.0
2010,Netherlands,SILVER,1,330.0,2.6666666666666665,-3.0
2012,Netherlands,BRONZE,8,331.0,4.333333333333333,7.0
2012,Netherlands,GOLD,6,339.0,5.0,-2.0
2012,Netherlands,SILVER,6,345.0,6.666666666666667,0.0
2014,Netherlands,BRONZE,9,351.0,7.0,3.0
2014,Netherlands,GOLD,8,360.0,7.666666666666667,-1.0
2014,Netherlands,SILVER,7,368.0,8.0,-1.0
2016,Netherlands,BRONZE,4,375.0,6.333333333333333,-3.0
2016,Netherlands,GOLD,8,379.0,6.333333333333333,4.0
2016,Netherlands,SILVER,7,387.0,6.333333333333333,-1.0
2018,Netherlands,BRONZE,6,394.0,7.0,-1.0
2018,Netherlands,GOLD,8,400.0,7.0,2.0
2018,Netherlands,SILVER,6,408.0,6.666666666666667,-2.0
2020,Netherlands,BRONZE,14,414.0,9.333333333333334,8.0
2020,Netherlands,GOLD,10,428.0,10.0,-4.0
2020,Netherlands,SILVER,12,438.0,12.0,2.0
2022,Netherlands,BRONZE,4,450.0,8.666666666666666,-8.0
2022,Netherlands,GOLD,8,454.0,8.0,4.0
2022,Netherlands,SILVER,5,462.0,5.666666666666667,-3.0
1988,Netherlands Antilles,SILVER,1,467.0,0.0,0.0
1920,New Zealand,BRONZE,1,1.0,0.0,0.0
1924,New Zealand,BRONZE,1,1.0,0.0,0.0
1928,New Zealand,GOLD,1,2.0,1.0,0.0
1932,New Zealand,SILVER,1,3.0,1.0,0.0
1936,New Zealand,GOLD,1,4.0,1.0,0.0
1952,New Zealand,BRONZE,2,5.0,1.3333333333333333,1.0
1952,New Zealand,GOLD,1,7.0,1.3333333333333333,-1.0
1956,New Zealand,GOLD,2,8.0,1.6666666666666667,1.0
1960,New Zealand,BRONZE,1,10.0,1.3333333333333333,-1.0
1960,New Zealand,GOLD,2,11.0,1.6666666666666667,1.0
1964,New Zealand,BRONZE,2,13.0,1.6666666666666667,0.0
1964,New Zealand,GOLD,3,15.0,2.3333333333333335,1.0
1968,New Zealand,BRONZE,2,18.0,2.3333333333333335,-1.0
1968,New Zealand,GOLD,1,20.0,2.0,-1.0
1972,New Zealand,BRONZE,1,21.0,1.3333333333333333,0.0
1972,New Zealand,GOLD,1,22.0,1.0,0.0
1972,New Zealand,SILVER,1,23.0,1.0,0.0
1976,New Zealand,BRONZE,1,24.0,1.0,0.0
1976,New Zealand,GOLD,2,25.0,1.3333333333333333,1.0
1976,New Zealand,SILVER,1,27.0,1.3333333333333333,-1.0
1984,New Zealand,BRONZE,2,28.0,1.6666666666666667,1.0
1984,New Zealand,GOLD,8,30.0,3.6666666666666665,6.0
1984,New Zealand,SILVER,1,38.0,3.6666666666666665,-7.0
1988,New Zealand,BRONZE,8,39.0,5.666666666666667,7.0
1988,New Zealand,GOLD,3,47.0,4.0,-5.0
1988,New Zealand,SILVER,2,50.0,4.333333333333333,-1.0
1992,New Zealand,BRONZE,5,52.0,3.3333333333333335,3.0
1992,New Zealand,GOLD,1,57.0,2.6666666666666665,-4.0
1992,New Zealand,SILVER,5,58.0,3.6666666666666665,4.0
1996,New Zealand,BRONZE,1,63.0,2.3333333333333335,-4.0
1996,New Zealand,GOLD,3,64.0,3.0,2.0
1996,New Zealand,SILVER,2,67.0,2.0,-1.0
2000,New Zealand,BRONZE,3,69.0,2.6666666666666665,1.0
2000,New Zealand,GOLD,1,72.0,2.0,-2.0
2004,New Zealand,GOLD,3,73.0,2.3333333333333335,2.0
2004,New Zealand,SILVER,2,76.0,2.0,-1.0
2008,New Zealand,BRONZE,4,78.0,3.0,2.0
2008,New Zealand,GOLD,3,82.0,3.0,-1.0
2008,New Zealand,SILVER,2,85.0,3.0,-1.0
2012,New Zealand,BRONZE,5,87.0,3.3333333333333335,3.0
2012,New Zealand,GOLD,6,92.0,4.333333333333333,1.0
2012,New Zealand,SILVER,2,98.0,4.333333333333333,-4.0
2016,New Zealand,BRONZE,5,100.0,4.333333333333333,3.0
2016,New Zealand,GOLD,4,105.0,3.6666666666666665,-1.0
2016,New Zealand,SILVER,9,109.0,6.0,5.0
2018,New Zealand,BRONZE,2,118.0,5.0,-7.0
2020,New Zealand,BRONZE,7,120.0,6.0,5.0
2020,New Zealand,GOLD,7,127.0,5.333333333333333,0.0
2020,New Zealand,SILVER,6,134.0,6.666666666666667,-1.0
2022,New Zealand,GOLD,2,140.0,5.0,-4.0
2022,New Zealand,SILVER,1,142.0,3.0,-1.0
1972,Niger,BRONZE,1,143.0,0.0,0.0
2016,Niger,SILVER,1,1.0,0.0,0.0
1964,Nigeria,BRONZE,1,2.0,0.0,0.0
1972,Nigeria,BRONZE,1,1.0,0.0,0.0
1984,Nigeria,BRONZE,1,2.0,1.0,0.0
1984,Nigeria,SILVER,1,3.0,1.0,0.0
1992,Nigeria,BRONZE,1,4.0,1.0,0.0
1992,Nigeria,SILVER,3,5.0,1.6666666666666667,2.0
1996,Nigeria,BRONZE,3,8.0,2.3333333333333335,0.0
1996,Nigeria,GOLD,2,11.0,2.6666666666666665,-1.0
1996,Nigeria,SILVER,1,13.0,2.0,-1.0
2000,Nigeria,GOLD,1,14.0,1.3333333333333333,0.0
2000,Nigeria,SILVER,2,15.0,1.3333333333333333,1.0
2004,Nigeria,BRONZE,2,17.0,1.6666666666666667,0.0
2008,Nigeria,BRONZE,3,19.0,2.3333333333333335,1.0
2008,Nigeria,SILVER,2,22.0,2.3333333333333335,-1.0
2016,Nigeria,BRONZE,1,24.0,2.0,-1.0
2020,Nigeria,BRONZE,1,25.0,1.3333333333333333,0.0
2020,Nigeria,SILVER,1,26.0,1.0,0.0
2000,North Macedonia,BRONZE,1,27.0,0.0,0.0
2020,North Macedonia,SILVER,1,1.0,0.0,0.0
1900,Norway,BRONZE,3,2.0,0.0,0.0
1900,Norway,SILVER,2,3.0,0.0,-1.0
1904,Norway,GOLD,2,5.0,2.3333333333333335,0.0
1908,Norway,BRONZE,3,7.0,2.3333333333333335,1.0
1908,Norway,GOLD,2,10.0,2.3333333333333335,-1.0
1908,Norway,SILVER,3,12.0,2.6666666666666665,1.0
1912,Norway,BRONZE,5,15.0,3.3333333333333335,2.0
1912,Norway,GOLD,4,20.0,4.0,-1.0
1912,Norway,SILVER,1,24.0,3.3333333333333335,-3.0
1920,Norway,BRONZE,9,25.0,4.666666666666667,8.0
1920,Norway,GOLD,13,34.0,7.666666666666667,4.0
1920,Norway,SILVER,9,47.0,10.333333333333334,-4.0
1924,Norway,BRONZE,9,56.0,10.333333333333334,0.0
1924,Norway,GOLD,9,65.0,9.0,0.0
1924,Norway,SILVER,9,74.0,9.0,0.0
1928,Norway,BRONZE,6,83.0,8.0,-3.0
1928,Norway,GOLD,7,89.0,7.333333333333333,1.0
1928,Norway,SILVER,5,96.0,6.0,-2.0
1932,Norway,BRONZE,3,101.0,5.0,-2.0
1932,Norway,GOLD,3,104.0,3.6666666666666665,0.0
1932,Norway,SILVER,4,107.0,3.3333333333333335,1.0
1936,Norway,BRONZE,5,111.0,4.0,1.0
1936,Norway,GOLD,8,116.0,5.666666666666667,3.0
1936,Norway,SILVER,8,124.0,7.0,0.0
1948,Norway,BRONZE,6,132.0,7.333333333333333,-2.0
1948,Norway,GOLD,5,138.0,6.333333333333333,-1.0
1948,Norway,SILVER,6,143.0,5.666666666666667,1.0
1952,Norway,BRONZE,6,149.0,5.666666666666667,0.0
1952,Norway,GOLD,10,155.0,7.333333333333333,4.0
1952,Norway,SILVER,5,165.0,7.0,-5.0
1956,Norway,BRONZE,3,170.0,6.0,-2.0
1956,Norway,GOLD,3,173.0,3.6666666666666665,0.0
1956,Norway,SILVER,1,176.0,2.3333333333333335,-2.0
1960,Norway,GOLD,4,177.0,2.6666666666666665,3.0
1960,Norway,SILVER,3,181.0,2.6666666666666665,-1.0
1964,Norway,BRONZE,6,184.0,4.333333333333333,3.0
1964,Norway,GOLD,3,190.0,4.0,-3.0
1964,Norway,SILVER,6,193.0,5.0,3.0
1968,Norway,BRONZE,2,199.0,3.6666666666666665,-4.0
1968,Norway,GOLD,7,201.0,5.0,5.0
1968,Norway,SILVER,7,208.0,5.333333333333333,0.0
1972,Norway,BRONZE,6,215.0,6.666666666666667,-1.0
1972,Norway,GOLD,4,221.0,5.666666666666667,-2.0
1972,Norway,SILVER,6,225.0,5.333333333333333,2.0
1976,Norway,BRONZE,1,231.0,3.6666666666666665,-5.0
1976,Norway,GOLD,4,232.0,3.6666666666666665,3.0
1976,Norway,SILVER,4,236.0,3.0,0.0
1980,Norway,BRONZE,6,240.0,4.666666666666667,2.0
1980,Norway,GOLD,1,246.0,3.6666666666666665,-5.0
1980,Norway,SILVER,3,247.0,3.3333333333333335,2.0
1984,Norway,BRONZE,6,250.0,3.3333333333333335,3.0
1984,Norway,GOLD,3,256.0,4.0,-3.0
1984,Norway,SILVER,3,259.0,4.0,0.0
1988,Norway,BRONZE,2,262.0,2.6666666666666665,-1.0
1988,Norway,GOLD,2,264.0,2.3333333333333335,0.0
1988,Norway,SILVER,6,266.0,3.3333333333333335,4.0
1992,Norway,BRONZE,6,272.0,4.666666666666667,0.0
1992,Norway,GOLD,11,278.0,7.666666666666667,5.0
1992,Norway,SILVER,10,289.0,9.0,-1.0
1994,Norway,BRONZE,5,299.0,8.666666666666666,-5.0
1994,Norway,GOLD,10,304.0,8.333333333333334,5.0
1994,Norway,SILVER,11,314.0,8.666666666666666,1.0
1996,Norway,BRONZE,3,325.0,8.0,-8.0
1996,Norway,GOLD,2,328.0,5.333333333333333,-1.0
1996,Norway,SILVER,2,330.0,2.3333333333333335,0.0
1998,Norway,BRONZE,5,332.0,3.0,3.0
1998,Norway,GOLD,10,337.0,5.666666666666667,5.0
1998,Norway,SILVER,10,347.0,8.333333333333334,0.0
2000,Norway,BRONZE,3,357.0,7.666666666666667,-7.0
2000,Norway,GOLD,4,360.0,5.666666666666667,1.0
2000,Norway,SILVER,3,364.0,3.3333333333333335,-1.0
2002,Norway,BRONZE,7,367.0,4.666666666666667,4.0
2002,Norway,GOLD,12,374.0,7.333333333333333,5.0
2002,Norway,SILVER,5,386.0,8.0,-7.0
2004,Norway,BRONZE,1,391.0,6.0,-4.0
2004,Norway,GOLD,5,392.0,3.6666666666666665,4.0
2006,Norway,BRONZE,9,397.0,5.0,4.0
2006,Norway,GOLD,2,406.0,5.333333333333333,-7.0
2006,Norway,SILVER,8,408.0,6.333333333333333,6.0
2008,Norway,BRONZE,1,416.0,3.6666666666666665,-7.0
2008,Norway,GOLD,3,417.0,4.0,2.0
2008,Norway,SILVER,5,420.0,3.0,2.0
2010,Norway,BRONZE,6,425.0,4.666666666666667,1.0
2010,Norway,GOLD,9,431.0,6.666666666666667,3.0
2010,Norway,SILVER,8,440.0,7.666666666666667,-1.0
2012,Norway,BRONZE,1,448.0,6.0,-7.0
2012,Norway,GOLD,2,449.0,3.6666666666666665,1.0
2012,Norway,SILVER,1,451.0,1.3333333333333333,-1.0
2014,Norway,BRONZE,10,452.0,4.333333333333333,9.0
2014,Norway,GOLD,11,462.0,7.333333333333333,1.0
2014,Norway,SILVER,5,473.0,8.666666666666666,-6.0
2016,Norway,BRONZE,4,478.0,6.666666666666667,-1.0
2018,Norway,BRONZE,11,482.0,6.666666666666667,7.0
2018,Norway,GOLD,14,493.0,9.666666666666666,3.0
2018,Norway,SILVER,14,507.0,13.0,0.0
2020,Norway,BRONZE,2,521.0,10.0,-12.0
2020,Norway,GOLD,4,523.0,6.666666666666667,2.0
2020,Norway,SILVER,2,527.0,2.6666666666666665,-2.0
2022,Norway,BRONZE,13,529.0,6.333333333333333,11.0
2022,Norway,GOLD,16,542.0,10.333333333333334,3.0
2022,Norway,SILVER,8,558.0,12.333333333333334,-8.0
2018,Olympic Athletes from Russia,BRONZE,9,566.0,0.0,0.0
2018,Olympic Athletes from Russia,GOLD,2,9.0,0.0,-7.0
2018,Olympic Athletes from Russia,SILVER,6,11.0,5.666666666666667,4.0
1956,Pakistan,SILVER,1,17.0,0.0,0.0
1960,Pakistan,BRONZE,1,1.0,0.0,0.0
1960,Pakistan,GOLD,1,2.0,1.0,0.0
1964,Pakistan,SILVER,1,3.0,1.0,0.0
1968,Pakistan,GOLD,1,4.0,1.0,0.0
1972,Pakistan,SILVER,1,5.0,1.0,0.0
1976,Pakistan,BRONZE,1,6.0,1.0,0.0
1984,Pakistan,GOLD,1,7.0,1.0,0.0
1988,Pakistan,BRONZE,1,8.0,1.0,0.0
1992,Pakistan,BRONZE,1,9.0,1.0,0.0
1948,Panama,BRONZE,2,10.0,0.0,0.0
2008,Panama,GOLD,1,2.0,0.0,-1.0
2004,Paraguay,SILVER,1,3.0,0.0,0.0
1984,People's Republic of China,BRONZE,9,1.0,0.0,0.0
1984,People's Republic of China,GOLD,15,9.0,0.0,6.0
1984,People's Republic of China,SILVER,8,24.0,10.666666666666666,-7.0
1988,People's Republic of China,BRONZE,12,32.0,11.666666666666666,4.0
1988,People's Republic of China,GOLD,5,44.0,8.333333333333334,-7.0
1988,People's Republic of China,SILVER,11,49.0,9.333333333333334,6.0
1992,People's Republic of China,BRONZE,15,60.0,10.333333333333334,4.0
1992,People's Republic of China,GOLD,16,75.0,14.0,1.0
1992,People's Republic of China,SILVER,25,91.0,18.666666666666668,9.0
1994,People's Republic of China,BRONZE,2,116.0,14.333333333333334,-23.0
1994,People's Republic of China,SILVER,1,118.0,9.333333333333334,-1.0
1996,People's Republic of China,BRONZE,12,119.0,5.0,11.0
1996,People's Republic of China,GOLD,16,131.0,9.666666666666666,4.0
1996,People's Republic of China,SILVER,22,147.0,16.666666666666668,6.0
1998,People's Republic of China,BRONZE,2,169.0,13.333333333333334,-20.0
1998,People's Republic of China,SILVER,6,171.0,10.0,4.0
2000,People's Republic of China,BRONZE,14,177.0,7.333333333333333,8.0
2000,People's Republic of China,GOLD,28,191.0,16.0,14.0
2000,People's Republic of China,SILVER,16,219.0,19.333333333333332,-12.0
2002,People's Republic of China,BRONZE,4,235.0,16.0,-12.0
2002,People's Republic of China,GOLD,2,239.0,7.333333333333333,-2.0
2002,People's Republic of China,SILVER,2,241.0,2.6666666666666665,0.0
2004,People's Republic of China,BRONZE,14,243.0,6.0,12.0
2004,People's Republic of China,GOLD,32,257.0,16.0,18.0
2004,People's Republic of China,SILVER,17,289.0,21.0,-15.0
2006,People's Republic of China,BRONZE,5,306.0,18.0,-12.0
2006,People's Republic of China,GOLD,2,311.0,8.0,-3.0
2006,People's Republic of China,SILVER,4,313.0,3.6666666666666665,2.0
2008,People's Republic of China,BRONZE,30,317.0,12.0,26.0
2008,People's Republic of China,GOLD,48,347.0,27.333333333333332,18.0
2008,People's Republic of China,SILVER,22,395.0,33.333333333333336,-26.0
2010,People's Republic of China,BRONZE,4,417.0,24.666666666666668,-18.0
2010,People's Republic of China,GOLD,5,421.0,10.333333333333334,1.0
2010,People's Republic of China,SILVER,2,426.0,3.6666666666666665,-3.0
2012,People's Republic of China,BRONZE,22,428.0,9.666666666666666,20.0
2012,People's Republic of China,GOLD,38,450.0,20.666666666666668,16.0
2012,People's Republic of China,SILVER,31,488.0,30.333333333333332,-7.0
2014,People's Republic of China,BRONZE,2,519.0,23.666666666666668,-29.0
2014,People's Republic of China,GOLD,3,521.0,12.0,1.0
2014,People's Republic of China,SILVER,4,524.0,3.0,1.0
2016,People's Republic of China,BRONZE,26,528.0,11.0,22.0
2016,People's Republic of China,GOLD,26,554.0,18.666666666666668,0.0
2016,People's Republic of China,SILVER,18,580.0,23.333333333333332,-8.0
2018,People's Republic of China,BRONZE,2,598.0,15.333333333333334,-16.0
2018,People's Republic of China,GOLD,1,600.0,7.0,-1.0
2018,People's Republic of China,SILVER,6,601.0,3.0,5.0
2020,People's Republic of China,BRONZE,18,607.0,8.333333333333334,12.0
2020,People's Republic of China,GOLD,38,625.0,20.666666666666668,20.0
2020,People's Republic of China,SILVER,32,663.0,29.333333333333332,-6.0
2022,People's Republic of China,BRONZE,2,695.0,24.0,-30.0
2022,People's Republic of China,GOLD,9,697.0,14.333333333333334,7.0
2022,People's Republic of China,SILVER,4,706.0,5.0,-5.0
1948,Peru,GOLD,1,710.0,0.0,0.0
1984,Peru,SILVER,1,1.0,0.0,0.0
1988,Peru,SILVER,1,2.0,1.0,0.0
1992,Peru,SILVER,1,3.0,1.0,0.0
1928,Philippines,BRONZE,1,4.0,0.0,0.0
1932,Philippines,BRONZE,3,1.0,0.0,2.0
1936,Philippines,BRONZE,1,4.0,1.6666666666666667,-2.0
1964,Philippines,SILVER,1,5.0,1.6666666666666667,0.0
1988,Philippines,BRONZE,1,6.0,1.0,0.0
1992,Philippines,BRONZE,1,7.0,1.0,0.0
1996,Philippines,SILVER,1,8.0,1.0,0.0
2016,Philippines,SILVER,1,9.0,1.0,0.0
2020,Philippines,BRONZE,1,10.0,1.0,0.0
2020,Philippines,GOLD,1,11.0,1.0,0.0
2020,Philippines,SILVER,2,12.0,1.3333333333333333,1.0
1924,Poland,BRONZE,1,14.0,0.0,0.0
1924,Poland,SILVER,1,1.0,0.0,0.0
1928,Poland,BRONZE,3,2.0,1.6666666666666667,2.0
1928,Poland,GOLD,1,5.0,1.6666666666666667,-2.0
1928,Poland,SILVER,1,6.0,1.6666666666666667,0.0
1932,Poland,BRONZE,4,7.0,2.0,3.0
1932,Poland,GOLD,2,11.0,2.3333333333333335,-2.0
1932,Poland,SILVER,1,13.0,2.3333333333333335,-1.0
1936,Poland,BRONZE,3,14.0,2.0,2.0
1936,Poland,SILVER,3,17.0,2.3333333333333335,0.0
1948,Poland,BRONZE,1,20.0,2.3333333333333335,-2.0
1952,Poland,BRONZE,1,21.0,1.6666666666666667,0.0
1952,Poland,GOLD,1,22.0,1.0,0.0
1952,Poland,SILVER,2,23.0,1.3333333333333333,1.0
1956,Poland,BRONZE,5,25.0,2.6666666666666665,3.0
1956,Poland,GOLD,1,30.0,2.6666666666666665,-4.0
1956,Poland,SILVER,4,31.0,3.3333333333333335,3.0
1960,Poland,BRONZE,12,35.0,5.666666666666667,8.0
1960,Poland,GOLD,4,47.0,6.666666666666667,-8.0
1960,Poland,SILVER,7,51.0,7.666666666666667,3.0
1964,Poland,BRONZE,10,58.0,7.0,3.0
1964,Poland,GOLD,7,68.0,8.0,-3.0
1964,Poland,SILVER,6,75.0,7.666666666666667,-1.0
1968,Poland,BRONZE,11,81.0,8.0,5.0
1968,Poland,GOLD,5,92.0,7.333333333333333,-6.0
1968,Poland,SILVER,2,97.0,6.0,-3.0
1972,Poland,BRONZE,9,99.0,5.333333333333333,7.0
1972,Poland,GOLD,8,108.0,6.333333333333333,-1.0
1972,Poland,SILVER,5,116.0,7.333333333333333,-3.0
1976,Poland,BRONZE,13,121.0,8.666666666666666,8.0
1976,Poland,GOLD,7,134.0,8.333333333333334,-6.0
1976,Poland,SILVER,6,141.0,8.666666666666666,-1.0
1980,Poland,BRONZE,15,147.0,9.333333333333334,9.0
1980,Poland,GOLD,3,162.0,8.0,-12.0
1980,Poland,SILVER,14,165.0,10.666666666666666,11.0
1988,Poland,BRONZE,9,179.0,8.666666666666666,-5.0
1988,Poland,GOLD,2,188.0,8.333333333333334,-7.0
1988,Poland,SILVER,5,190.0,5.333333333333333,3.0
1992,Poland,BRONZE,10,195.0,5.666666666666667,5.0
1992,Poland,GOLD,3,205.0,6.0,-7.0
1992,Poland,SILVER,6,208.0,6.333333333333333,3.0
1996,Poland,BRONZE,5,214.0,4.666666666666667,-1.0
1996,Poland,GOLD,7,219.0,6.0,2.0
1996,Poland,SILVER,5,226.0,5.666666666666667,-2.0
2000,Poland,BRONZE,3,231.0,5.0,-2.0
2000,Poland,GOLD,6,234.0,4.666666666666667,3.0
2000,Poland,SILVER,5,240.0,4.666666666666667,-1.0
2002,Poland,BRONZE,1,245.0,4.0,-4.0
2002,Poland,SILVER,1,246.0,2.3333333333333335,0.0
2004,Poland,BRONZE,5,247.0,2.3333333333333335,4.0
2004,Poland,GOLD,3,252.0,3.0,-2.0
2004,Poland,SILVER,2,255.0,3.3333333333333335,-1.0
2006,Poland,BRONZE,1,257.0,2.0,-1.0
2006,Poland,SILVER,1,258.0,1.3333333333333333,0.0
2008,Poland,BRONZE,2,259.0,1.3333333333333333,1.0
2008,Poland,GOLD,4,261.0,2.3333333333333335,2.0
2008,Poland,SILVER,5,265.0,3.6666666666666665,1.0
2010,Poland,BRONZE,2,270.0,3.6666666666666665,-3.0
2010,Poland,GOLD,1,272.0,2.6666666666666665,-1.0
2010,Poland,SILVER,3,273.0,2.0,2.0
2012,Poland,BRONZE,7,276.0,3.6666666666666665,4.0
2012,Poland,GOLD,3,283.0,4.333333333333333,-4.0
2012,Poland,SILVER,1,286.0,3.6666666666666665,-2.0
2014,Poland,BRONZE,1,287.0,1.6666666666666667,0.0
2014,Poland,GOLD,4,288.0,2.0,3.0
2014,Poland,SILVER,1,292.0,2.0,-3.0
2016,Poland,BRONZE,6,293.0,3.6666666666666665,5.0
2016,Poland,GOLD,2,299.0,3.0,-4.0
2016,Poland,SILVER,3,301.0,3.6666666666666665,1.0
2018,Poland,BRONZE,1,304.0,2.0,-2.0
2018,Poland,GOLD,1,305.0,1.6666666666666667,0.0
2020,Poland,BRONZE,5,306.0,2.3333333333333335,4.0
2020,Poland,GOLD,4,311.0,3.3333333333333335,-1.0
2020,Poland,SILVER,5,315.0,4.666666666666667,1.0
2022,Poland,BRONZE,1,320.0,3.3333333333333335,-4.0
1924,Portugal,BRONZE,1,321.0,0.0,0.0
1928,Portugal,BRONZE,1,1.0,0.0,0.0
1936,Portugal,BRONZE,1,2.0,1.0,0.0
1948,Portugal,BRONZE,1,3.0,1.0,0.0
1948,Portugal,SILVER,1,4.0,1.0,0.0
1952,Portugal,BRONZE,1,5.0,1.0,0.0
1960,Portugal,SILVER,1,6.0,1.0,0.0
1976,Portugal,SILVER,2,7.0,1.3333333333333333,1.0
1984,Portugal,BRONZE,2,9.0,1.6666666666666667,0.0
1984,Portugal,GOLD,1,11.0,1.6666666666666667,-1.0
1988,Portugal,GOLD,1,12.0,1.3333333333333333,0.0
1996,Portugal,BRONZE,1,13.0,1.0,0.0
1996,Portugal,GOLD,1,14.0,1.0,0.0
2000,Portugal,BRONZE,2,15.0,1.3333333333333333,1.0
2004,Portugal,BRONZE,1,17.0,1.3333333333333333,-1.0
2004,Portugal,SILVER,2,18.0,1.6666666666666667,1.0
2008,Portugal,GOLD,1,20.0,1.3333333333333333,-1.0
2008,Portugal,SILVER,1,21.0,1.3333333333333333,0.0
2012,Portugal,SILVER,1,22.0,1.0,0.0
2016,Portugal,BRONZE,1,23.0,1.0,0.0
2020,Portugal,BRONZE,2,24.0,1.3333333333333333,1.0
2020,Portugal,GOLD,1,26.0,1.3333333333333333,-1.0
2020,Portugal,SILVER,1,27.0,1.3333333333333333,0.0
1948,Puerto Rico,BRONZE,1,28.0,0.0,0.0
1976,Puerto Rico,BRONZE,1,1.0,0.0,0.0
1984,Puerto Rico,BRONZE,1,2.0,1.0,0.0
1984,Puerto Rico,SILVER,1,3.0,1.0,0.0
1992,Puerto Rico,BRONZE,1,4.0,1.0,0.0
1996,Puerto Rico,BRONZE,1,5.0,1.0,0.0
2012,Puerto Rico,BRONZE,1,6.0,1.0,0.0
2012,Puerto Rico,SILVER,1,7.0,1.0,0.0
2016,Puerto Rico,GOLD,1,8.0,1.0,0.0
2020,Puerto Rico,GOLD,1,9.0,1.0,0.0
1992,Qatar,BRONZE,1,10.0,0.0,0.0
2000,Qatar,BRONZE,1,1.0,0.0,0.0
2012,Qatar,BRONZE,1,2.0,1.0,0.0
2012,Qatar,SILVER,1,3.0,1.0,0.0
2016,Qatar,SILVER,1,4.0,1.0,0.0
2020,Qatar,BRONZE,1,5.0,1.0,0.0
2020,Qatar,GOLD,2,6.0,1.3333333333333333,1.0
2020,ROC,BRONZE,23,8.0,0.0,0.0
2020,ROC,GOLD,20,23.0,0.0,-3.0
2020,ROC,SILVER,28,43.0,23.666666666666668,8.0
2022,ROC,BRONZE,14,71.0,20.666666666666668,-14.0
2022,ROC,GOLD,6,85.0,16.0,-8.0
2022,ROC,SILVER,12,91.0,10.666666666666666,6.0
1948,Republic of Korea,BRONZE,2,103.0,0.0,0.0
1952,Republic of Korea,BRONZE,2,2.0,0.0,0.0
1956,Republic of Korea,BRONZE,1,4.0,1.6666666666666667,-1.0
1956,Republic of Korea,SILVER,1,5.0,1.3333333333333333,0.0
1964,Republic of Korea,BRONZE,1,6.0,1.0,0.0
1964,Republic of Korea,SILVER,2,7.0,1.3333333333333333,1.0
1968,Republic of Korea,BRONZE,1,9.0,1.3333333333333333,-1.0
1968,Republic of Korea,SILVER,1,10.0,1.3333333333333333,0.0
1972,Republic of Korea,SILVER,1,11.0,1.0,0.0
1976,Republic of Korea,BRONZE,4,12.0,2.0,3.0
1976,Republic of Korea,GOLD,1,16.0,2.0,-3.0
1976,Republic of Korea,SILVER,1,17.0,2.0,0.0
1984,Republic of Korea,BRONZE,7,18.0,3.0,6.0
1984,Republic of Korea,GOLD,6,25.0,4.666666666666667,-1.0
1984,Republic of Korea,SILVER,6,31.0,6.333333333333333,0.0
1988,Republic of Korea,BRONZE,11,37.0,7.666666666666667,5.0
1988,Republic of Korea,GOLD,12,48.0,9.666666666666666,1.0
1988,Republic of Korea,SILVER,10,60.0,11.0,-2.0
1992,Republic of Korea,BRONZE,12,70.0,11.333333333333334,2.0
1992,Republic of Korea,GOLD,14,82.0,12.0,2.0
1992,Republic of Korea,SILVER,6,96.0,10.666666666666666,-8.0
1994,Republic of Korea,BRONZE,1,102.0,7.0,-5.0
1994,Republic of Korea,GOLD,4,103.0,3.6666666666666665,3.0
1994,Republic of Korea,SILVER,1,107.0,2.0,-3.0
1996,Republic of Korea,BRONZE,5,108.0,3.3333333333333335,4.0
1996,Republic of Korea,GOLD,7,113.0,4.333333333333333,2.0
1996,Republic of Korea,SILVER,15,120.0,9.0,8.0
1998,Republic of Korea,BRONZE,2,135.0,8.0,-13.0
1998,Republic of Korea,GOLD,3,137.0,6.666666666666667,1.0
1998,Republic of Korea,SILVER,1,140.0,2.0,-2.0
2000,Republic of Korea,BRONZE,10,141.0,4.666666666666667,9.0
2000,Republic of Korea,GOLD,8,151.0,6.333333333333333,-2.0
2000,Republic of Korea,SILVER,10,159.0,9.333333333333334,2.0
2002,Republic of Korea,GOLD,2,169.0,6.666666666666667,-8.0
2002,Republic of Korea,SILVER,2,171.0,4.666666666666667,0.0
2004,Republic of Korea,BRONZE,9,173.0,4.333333333333333,7.0
2004,Republic of Korea,GOLD,9,182.0,6.666666666666667,0.0
2004,Republic of Korea,SILVER,12,191.0,10.0,3.0
2006,Republic of Korea,BRONZE,2,203.0,7.666666666666667,-10.0
2006,Republic of Korea,GOLD,6,205.0,6.666666666666667,4.0
2006,Republic of Korea,SILVER,3,211.0,3.6666666666666665,-3.0
2008,Republic of Korea,BRONZE,8,214.0,5.666666666666667,5.0
2008,Republic of Korea,GOLD,13,222.0,8.0,5.0
2008,Republic of Korea,SILVER,11,235.0,10.666666666666666,-2.0
2010,Republic of Korea,BRONZE,2,246.0,8.666666666666666,-9.0
2010,Republic of Korea,GOLD,6,248.0,6.333333333333333,4.0
2010,Republic of Korea,SILVER,6,254.0,4.666666666666667,0.0
2012,Republic of Korea,BRONZE,8,260.0,6.666666666666667,2.0
2012,Republic of Korea,GOLD,13,268.0,9.0,5.0
2012,Republic of Korea,SILVER,9,281.0,10.0,-4.0
2014,Republic of Korea,BRONZE,2,290.0,8.0,-7.0
2014,Republic of Korea,GOLD,3,292.0,4.666666666666667,1.0
2014,Republic of Korea,SILVER,3,295.0,2.6666666666666665,0.0
2016,Republic of Korea,BRONZE,9,298.0,5.0,6.0
2016,Republic of Korea,GOLD,9,307.0,7.0,0.0
2016,Republic of Korea,SILVER,3,316.0,7.0,-6.0
2018,Republic of Korea,BRONZE,4,319.0,5.333333333333333,1.0
2018,Republic of Korea,GOLD,5,323.0,4.0,1.0
2018,Republic of Korea,SILVER,8,328.0,5.666666666666667,3.0
2020,Republic of Korea,BRONZE,10,336.0,7.666666666666667,2.0
2020,Republic of Korea,GOLD,6,346.0,8.0,-4.0
2020,Republic of Korea,SILVER,4,352.0,6.666666666666667,-2.0
2022,Republic of Korea,BRONZE,2,356.0,4.0,-2.0
2022,Republic of Korea,GOLD,2,358.0,2.6666666666666665,0.0
2022,Republic of Korea,SILVER,5,360.0,3.0,3.0
1996,Republic of Moldova,BRONZE,1,365.0,0.0,0.0
1996,Republic of Moldova,SILVER,1,1.0,0.0,0.0
2000,Republic of Moldova,BRONZE,1,2.0,1.0,0.0
2000,Republic of Moldova,SILVER,1,3.0,1.0,0.0
2008,Republic of Moldova,BRONZE,1,4.0,1.0,0.0
2020,Republic of Moldova,BRONZE,1,5.0,1.0,0.0
1924,Romania,BRONZE,1,6.0,0.0,0.0
1936,Romania,SILVER,1,1.0,0.0,0.0
1952,Romania,BRONZE,2,2.0,1.3333333333333333,1.0
1952,Romania,GOLD,1,4.0,1.3333333333333333,-1.0
1952,Romania,SILVER,1,5.0,1.3333333333333333,0.0
1956,Romania,BRONZE,5,6.0,2.3333333333333335,4.0
1956,Romania,GOLD,5,11.0,3.6666666666666665,0.0
1956,Romania,SILVER,3,16.0,4.333333333333333,-2.0
1960,Romania,BRONZE,6,19.0,4.666666666666667,3.0
1960,Romania,GOLD,3,25.0,4.0,-3.0
1960,Romania,SILVER,1,28.0,3.3333333333333335,-2.0
1964,Romania,BRONZE,6,29.0,3.3333333333333335,5.0
1964,Romania,GOLD,2,35.0,3.0,-4.0
1964,Romania,SILVER,4,37.0,4.0,2.0
1968,Romania,BRONZE,6,41.0,4.0,2.0
1968,Romania,GOLD,4,47.0,4.666666666666667,-2.0
1968,Romania,SILVER,6,51.0,5.333333333333333,2.0
1972,Romania,BRONZE,7,57.0,5.666666666666667,1.0
1972,Romania,GOLD,3,64.0,5.333333333333333,-4.0
1972,Romania,SILVER,6,67.0,5.333333333333333,3.0
1976,Romania,BRONZE,14,73.0,7.666666666666667,8.0
1976,Romania,GOLD,4,87.0,8.0,-10.0
1976,Romania,SILVER,9,91.0,9.0,5.0
1980,Romania,BRONZE,13,100.0,8.666666666666666,4.0
1980,Romania,GOLD,6,113.0,9.333333333333334,-7.0
1980,Romania,SILVER,6,119.0,8.333333333333334,0.0
1984,Romania,BRONZE,17,125.0,9.666666666666666,11.0
1984,Romania,GOLD,19,142.0,14.0,2.0
1984,Romania,SILVER,16,161.0,17.333333333333332,-3.0
1988,Romania,BRONZE,6,177.0,13.666666666666666,-10.0
1988,Romania,GOLD,7,183.0,9.666666666666666,1.0
1988,Romania,SILVER,11,190.0,8.0,4.0
1992,Romania,BRONZE,8,201.0,8.666666666666666,-3.0
1992,Romania,GOLD,4,209.0,7.666666666666667,-4.0
1992,Romania,SILVER,6,213.0,6.0,2.0
1996,Romania,BRONZE,8,219.0,6.0,2.0
1996,Romania,GOLD,4,227.0,6.0,-4.0
1996,Romania,SILVER,7,231.0,6.333333333333333,3.0
2000,Romania,BRONZE,9,238.0,6.666666666666667,2.0
2000,Romania,GOLD,11,247.0,9.0,2.0
2000,Romania,SILVER,6,258.0,8.666666666666666,-5.0
2004,Romania,BRONZE,6,264.0,7.666666666666667,0.0
2004,Romania,GOLD,8,270.0,6.666666666666667,2.0
2004,Romania,SILVER,5,278.0,6.333333333333333,-3.0
2008,Romania,BRONZE,4,283.0,5.666666666666667,-1.0
2008,Romania,GOLD,4,287.0,4.333333333333333,0.0
2008,Romania,SILVER,1,291.0,3.0,-3.0
2012,Romania,BRONZE,1,292.0,2.0,0.0
2012,Romania,GOLD,2,293.0,1.3333333333333333,1.0
2012,Romania,SILVER,4,295.0,2.3333333333333335,2.0
2016,Romania,BRONZE,2,299.0,2.6666666666666665,-2.0
2016,Romania,GOLD,1,301.0,2.3333333333333335,-1.0
2016,Romania,SILVER,1,302.0,1.3333333333333333,0.0
2020,Romania,GOLD,1,303.0,1.0,0.0
2020,Romania,SILVER,3,304.0,1.6666666666666667,2.0
1908,Russian Federation,GOLD,1,307.0,0.0,0.0
1908,Russian Federation,SILVER,2,1.0,0.0,1.0
1912,Russian Federation,BRONZE,3,3.0,2.0,1.0
1912,Russian Federation,SILVER,2,6.0,2.3333333333333335,-1.0
1994,Russian Federation,BRONZE,4,8.0,3.0,2.0
1994,Russian Federation,GOLD,11,12.0,5.666666666666667,7.0
1994,Russian Federation,SILVER,8,23.0,7.666666666666667,-3.0
1996,Russian Federation,BRONZE,16,31.0,11.666666666666666,8.0
1996,Russian Federation,GOLD,26,47.0,16.666666666666668,10.0
1996,Russian Federation,SILVER,21,73.0,21.0,-5.0
1998,Russian Federation,BRONZE,3,94.0,16.666666666666668,-18.0
1998,Russian Federation,GOLD,9,97.0,11.0,6.0
1998,Russian Federation,SILVER,6,106.0,6.0,-3.0
2000,Russian Federation,BRONZE,29,112.0,14.666666666666666,23.0
2000,Russian Federation,GOLD,32,141.0,22.333333333333332,3.0
2000,Russian Federation,SILVER,28,173.0,29.666666666666668,-4.0
2002,Russian Federation,BRONZE,4,201.0,21.333333333333332,-24.0
2002,Russian Federation,GOLD,5,205.0,12.333333333333334,1.0
2002,Russian Federation,SILVER,4,210.0,4.333333333333333,-1.0
2004,Russian Federation,BRONZE,36,214.0,15.0,32.0
2004,Russian Federation,GOLD,28,250.0,22.666666666666668,-8.0
2004,Russian Federation,SILVER,26,278.0,30.0,-2.0
2006,Russian Federation,BRONZE,8,304.0,20.666666666666668,-18.0
2006,Russian Federation,GOLD,8,312.0,14.0,0.0
2006,Russian Federation,SILVER,6,320.0,7.333333333333333,-2.0
2008,Russian Federation,BRONZE,23,326.0,12.333333333333334,17.0
2008,Russian Federation,GOLD,24,349.0,17.666666666666668,1.0
2008,Russian Federation,SILVER,13,373.0,20.0,-11.0
2010,Russian Federation,BRONZE,7,386.0,14.666666666666666,-6.0
2010,Russian Federation,GOLD,3,393.0,7.666666666666667,-4.0
2010,Russian Federation,SILVER,5,396.0,5.0,2.0
2012,Russian Federation,BRONZE,27,401.0,11.666666666666666,22.0
2012,Russian Federation,GOLD,20,428.0,17.333333333333332,-7.0
2012,Russian Federation,SILVER,20,448.0,22.333333333333332,0.0
2014,Russian Federation,BRONZE,9,468.0,16.333333333333332,-11.0
2014,Russian Federation,GOLD,11,477.0,13.333333333333334,2.0
2014,Russian Federation,SILVER,9,488.0,9.666666666666666,-2.0
2016,Russian Federation,BRONZE,20,497.0,13.333333333333334,11.0
2016,Russian Federation,GOLD,19,517.0,16.0,-1.0
2016,Russian Federation,SILVER,17,536.0,18.666666666666668,-2.0
2008,Samoa,SILVER,1,553.0,0.0,0.0
2020,San Marino,BRONZE,2,1.0,0.0,0.0
2020,San Marino,SILVER,1,2.0,0.0,-1.0
2000,Saudi Arabia,BRONZE,1,3.0,0.0,0.0
2000,Saudi Arabia,SILVER,1,1.0,0.0,0.0
2012,Saudi Arabia,BRONZE,1,2.0,1.0,0.0
2020,Saudi Arabia,SILVER,1,3.0,1.0,0.0
1988,Senegal,SILVER,1,4.0,0.0,0.0
2008,Serbia,BRONZE,2,1.0,0.0,0.0
2008,Serbia,SILVER,1,2.0,0.0,-1.0
2012,Serbia,BRONZE,2,3.0,1.6666666666666667,1.0
2012,Serbia,GOLD,1,5.0,1.3333333333333333,-1.0
2012,Serbia,SILVER,1,6.0,1.3333333333333333,0.0
2016,Serbia,BRONZE,2,7.0,1.3333333333333333,1.0
2016,Serbia,GOLD,2,9.0,1.6666666666666667,0.0
2016,Serbia,SILVER,4,11.0,2.6666666666666665,2.0
2020,Serbia,BRONZE,5,15.0,3.6666666666666665,1.0
2020,Serbia,GOLD,3,20.0,4.0,-2.0
2020,Serbia,SILVER,1,23.0,3.0,-2.0
1996,Serbia and Montenegro,BRONZE,2,24.0,0.0,0.0
1996,Serbia and Montenegro,GOLD,1,2.0,0.0,-1.0
1996,Serbia and Montenegro,SILVER,1,3.0,1.3333333333333333,0.0
2000,Serbia and Montenegro,BRONZE,1,4.0,1.0,0.0
2000,Serbia and Montenegro,GOLD,1,5.0,1.0,0.0
2000,Serbia and Montenegro,SILVER,1,6.0,1.0,0.0
2004,Serbia and Montenegro,SILVER,2,7.0,1.3333333333333333,1.0
1960,Singapore,SILVER,1,9.0,0.0,0.0
2008,Singapore,SILVER,1,1.0,0.0,0.0
2012,Singapore,BRONZE,2,2.0,1.3333333333333333,1.0
2016,Singapore,GOLD,1,4.0,1.3333333333333333,-1.0
1996,Slovakia,BRONZE,1,5.0,0.0,0.0
1996,Slovakia,GOLD,1,1.0,0.0,0.0
1996,Slovakia,SILVER,1,2.0,1.0,0.0
2000,Slovakia,BRONZE,1,3.0,1.0,0.0
2000,Slovakia,GOLD,1,4.0,1.0,0.0
2000,Slovakia,SILVER,3,5.0,1.6666666666666667,2.0
2004,Slovakia,BRONZE,2,8.0,2.0,-1.0
2004,Slovakia,GOLD,2,10.0,2.3333333333333335,0.0
2004,Slovakia,SILVER,2,12.0,2.0,0.0
2006,Slovakia,SILVER,1,14.0,1.6666666666666667,-1.0
2008,Slovakia,GOLD,3,15.0,2.0,2.0
2008,Slovakia,SILVER,3,18.0,2.3333333333333335,0.0
2010,Slovakia,BRONZE,1,21.0,2.3333333333333335,-2.0
2010,Slovakia,GOLD,1,22.0,1.6666666666666667,0.0
2010,Slovakia,SILVER,1,23.0,1.0,0.0
2012,Slovakia,BRONZE,3,24.0,1.6666666666666667,2.0
2012,Slovakia,SILVER,1,27.0,1.6666666666666667,-2.0
2014,Slovakia,GOLD,1,28.0,1.6666666666666667,0.0
2016,Slovakia,GOLD,2,29.0,1.3333333333333333,1.0
2016,Slovakia,SILVER,2,31.0,1.6666666666666667,0.0
2018,Slovakia,GOLD,1,33.0,1.6666666666666667,-1.0
2018,Slovakia,SILVER,2,34.0,1.6666666666666667,1.0
2020,Slovakia,BRONZE,1,36.0,1.3333333333333333,-1.0
2020,Slovakia,GOLD,1,37.0,1.3333333333333333,0.0
2020,Slovakia,SILVER,2,38.0,1.3333333333333333,1.0
2022,Slovakia,BRONZE,1,40.0,1.3333333333333333,-1.0
2022,Slovakia,GOLD,1,41.0,1.3333333333333333,0.0
1992,Slovenia,BRONZE,2,42.0,0.0,0.0
1994,Slovenia,BRONZE,3,2.0,0.0,1.0
1996,Slovenia,SILVER,2,5.0,2.3333333333333335,-1.0
2000,Slovenia,GOLD,2,7.0,2.3333333333333335,0.0
2002,Slovenia,BRONZE,1,9.0,1.6666666666666667,-1.0
2004,Slovenia,BRONZE,3,10.0,2.0,2.0
2004,Slovenia,SILVER,1,13.0,1.6666666666666667,-2.0
2008,Slovenia,BRONZE,2,14.0,2.0,1.0
2008,Slovenia,GOLD,1,16.0,1.3333333333333333,-1.0
2008,Slovenia,SILVER,2,17.0,1.6666666666666667,1.0
2010,Slovenia,BRONZE,1,19.0,1.3333333333333333,-1.0
2010,Slovenia,SILVER,2,20.0,1.6666666666666667,1.0
2012,Slovenia,BRONZE,2,22.0,1.6666666666666667,0.0
2012,Slovenia,GOLD,1,24.0,1.6666666666666667,-1.0
2012,Slovenia,SILVER,1,25.0,1.3333333333333333,0.0
2014,Slovenia,BRONZE,4,26.0,2.0,3.0
2014,Slovenia,GOLD,2,30.0,2.3333333333333335,-2.0
2014,Slovenia,SILVER,2,32.0,2.6666666666666665,0.0
2016,Slovenia,BRONZE,1,34.0,1.6666666666666667,-1.0
2016,Slovenia,GOLD,1,35.0,1.3333333333333333,0.0
2016,Slovenia,SILVER,2,36.0,1.3333333333333333,1.0
2018,Slovenia,BRONZE,1,38.0,1.3333333333333333,-1.0
2018,Slovenia,SILVER,1,39.0,1.3333333333333333,0.0
2020,Slovenia,BRONZE,1,40.0,1.0,0.0
2020,Slovenia,GOLD,3,41.0,1.6666666666666667,2.0
2020,Slovenia,SILVER,1,44.0,1.6666666666666667,-2.0
2022,Slovenia,BRONZE,2,45.0,2.0,1.0
2022,Slovenia,GOLD,2,47.0,1.6666666666666667,0.0
2022,Slovenia,SILVER,3,49.0,2.3333333333333335,1.0
1908,South Africa,GOLD,1,52.0,0.0,0.0
1908,South Africa,SILVER,1,1.0,0.0,0.0
1912,South Africa,GOLD,4,2.0,2.0,3.0
1912,South Africa,SILVER,2,6.0,2.3333333333333335,-2.0
1920,South Africa,BRONZE,3,8.0,3.0,1.0
1920,South Africa,GOLD,3,11.0,2.6666666666666665,0.0
1920,South Africa,SILVER,4,14.0,3.3333333333333335,1.0
1924,South Africa,BRONZE,1,18.0,2.6666666666666665,-3.0
1924,South Africa,GOLD,1,19.0,2.0,0.0
1924,South Africa,SILVER,1,20.0,1.0,0.0
1928,South Africa,BRONZE,2,21.0,1.3333333333333333,1.0
1928,South Africa,GOLD,1,23.0,1.3333333333333333,-1.0
1932,South Africa,BRONZE,3,24.0,2.0,2.0
1932,South Africa,GOLD,2,27.0,2.0,-1.0
1936,South Africa,SILVER,1,29.0,2.0,-1.0
1948,South Africa,BRONZE,1,30.0,1.3333333333333333,0.0
1948,South Africa,GOLD,2,31.0,1.3333333333333333,1.0
1948,South Africa,SILVER,1,33.0,1.3333333333333333,-1.0
1952,South Africa,BRONZE,4,34.0,2.3333333333333335,3.0
1952,South Africa,GOLD,2,38.0,2.3333333333333335,-2.0
1952,South Africa,SILVER,4,40.0,3.3333333333333335,2.0
1956,South Africa,BRONZE,4,44.0,3.3333333333333335,0.0
1960,South Africa,BRONZE,2,48.0,3.3333333333333335,-2.0
1960,South Africa,SILVER,1,50.0,2.3333333333333335,-1.0
1992,South Africa,SILVER,2,51.0,1.6666666666666667,1.0
1996,South Africa,BRONZE,1,53.0,1.3333333333333333,-1.0
1996,South Africa,GOLD,3,54.0,2.0,2.0
1996,South Africa,SILVER,1,57.0,1.6666666666666667,-2.0
2000,South Africa,BRONZE,3,58.0,2.3333333333333335,2.0
2000,South Africa,SILVER,2,61.0,2.0,-1.0
2004,South Africa,BRONZE,2,63.0,2.3333333333333335,0.0
2004,South Africa,GOLD,1,65.0,1.6666666666666667,-1.0
2004,South Africa,SILVER,3,66.0,2.0,2.0
2008,South Africa,SILVER,1,69.0,1.6666666666666667,-2.0
2012,South Africa,BRONZE,1,70.0,1.6666666666666667,0.0
2012,South Africa,GOLD,4,71.0,2.0,3.0
2012,South Africa,SILVER,1,75.0,2.0,-3.0
2016,South Africa,BRONZE,2,76.0,2.3333333333333335,1.0
2016,South Africa,GOLD,2,78.0,1.6666666666666667,0.0
2016,South Africa,SILVER,6,80.0,3.3333333333333335,4.0
2020,South Africa,GOLD,1,86.0,3.0,-5.0
2020,South Africa,SILVER,2,87.0,3.0,1.0
1952,Soviet Union,BRONZE,19,89.0,0.0,0.0
1952,Soviet Union,GOLD,22,19.0,0.0,3.0
1952,Soviet Union,SILVER,29,41.0,23.333333333333332,7.0
1956,Soviet Union,BRONZE,38,70.0,29.666666666666668,9.0
1956,Soviet Union,GOLD,43,108.0,36.666666666666664,5.0
1956,Soviet Union,SILVER,32,151.0,37.666666666666664,-11.0
1960,Soviet Union,BRONZE,40,183.0,38.333333333333336,8.0
1960,Soviet Union,GOLD,50,223.0,40.666666666666664,10.0
1960,Soviet Union,SILVER,34,273.0,41.333333333333336,-16.0
1964,Soviet Union,BRONZE,39,307.0,41.0,5.0
1964,Soviet Union,GOLD,41,346.0,38.0,2.0
1964,Soviet Union,SILVER,37,387.0,39.0,-4.0
1968,Soviet Union,BRONZE,33,424.0,37.0,-4.0
1968,Soviet Union,GOLD,34,457.0,34.666666666666664,1.0
1968,Soviet Union,SILVER,37,491.0,34.666666666666664,3.0
1972,Soviet Union,BRONZE,25,528.0,32.0,-12.0
1972,Soviet Union,GOLD,58,553.0,40.0,33.0
1972,Soviet Union,SILVER,32,611.0,38.333333333333336,-26.0
1976,Soviet Union,BRONZE,43,643.0,44.333333333333336,11.0
1976,Soviet Union,GOLD,62,686.0,45.666666666666664,19.0
1976,Soviet Union,SILVER,47,748.0,50.666666666666664,-15.0
1980,Soviet Union,BRONZE,52,795.0,53.666666666666664,5.0
1980,Soviet Union,GOLD,90,847.0,63.0,38.0
1980,Soviet Union,SILVER,75,937.0,72.33333333333333,-15.0
1984,Soviet Union,BRONZE,9,1012.0,58.0,-66.0
1984,Soviet Union,GOLD,6,1021.0,30.0,-3.0
1984,Soviet Union,SILVER,10,1027.0,8.333333333333334,4.0
1988,Soviet Union,BRONZE,55,1037.0,23.666666666666668,45.0
1988,Soviet Union,GOLD,65,1092.0,43.333333333333336,10.0
1988,Soviet Union,SILVER,40,1157.0,53.333333333333336,-25.0
1900,Spain,GOLD,1,1197.0,0.0,0.0
1920,Spain,SILVER,2,1.0,0.0,1.0
1928,Spain,GOLD,1,3.0,1.3333333333333333,-1.0
1932,Spain,BRONZE,1,4.0,1.3333333333333333,0.0
1948,Spain,SILVER,1,5.0,1.0,0.0
1952,Spain,SILVER,1,6.0,1.0,0.0
1960,Spain,BRONZE,1,7.0,1.0,0.0
1972,Spain,BRONZE,1,8.0,1.0,0.0
1972,Spain,GOLD,1,9.0,1.0,0.0
1976,Spain,SILVER,2,10.0,1.3333333333333333,1.0
1980,Spain,BRONZE,2,12.0,1.6666666666666667,0.0
1980,Spain,GOLD,1,14.0,1.6666666666666667,-1.0
1980,Spain,SILVER,3,15.0,2.0,2.0
1984,Spain,BRONZE,2,18.0,2.0,-1.0
1984,Spain,GOLD,1,20.0,2.0,-1.0
1984,Spain,SILVER,2,21.0,1.6666666666666667,1.0
1988,Spain,BRONZE,2,23.0,1.6666666666666667,0.0
1988,Spain,GOLD,1,25.0,1.6666666666666667,-1.0
1988,Spain,SILVER,1,26.0,1.3333333333333333,0.0
1992,Spain,BRONZE,3,27.0,1.6666666666666667,2.0
1992,Spain,GOLD,13,30.0,5.666666666666667,10.0
1992,Spain,SILVER,7,43.0,7.666666666666667,-6.0
1996,Spain,BRONZE,6,50.0,8.666666666666666,-1.0
1996,Spain,GOLD,5,56.0,6.0,-1.0
1996,Spain,SILVER,6,61.0,5.666666666666667,1.0
2000,Spain,BRONZE,5,67.0,5.333333333333333,-1.0
2000,Spain,GOLD,3,72.0,4.666666666666667,-2.0
2000,Spain,SILVER,3,75.0,3.6666666666666665,0.0
2004,Spain,BRONZE,6,78.0,4.0,3.0
2004,Spain,GOLD,3,84.0,4.0,-3.0
2004,Spain,SILVER,11,87.0,6.666666666666667,8.0
2008,Spain,BRONZE,3,98.0,5.666666666666667,-8.0
2008,Spain,GOLD,5,101.0,6.333333333333333,2.0
2008,Spain,SILVER,11,106.0,6.333333333333333,6.0
2012,Spain,BRONZE,6,117.0,7.333333333333333,-5.0
2012,Spain,GOLD,4,123.0,7.0,-2.0
2012,Spain,SILVER,10,127.0,6.666666666666667,6.0
2016,Spain,BRONZE,6,137.0,6.666666666666667,-4.0
2016,Spain,GOLD,7,143.0,7.666666666666667,1.0
2016,Spain,SILVER,4,150.0,5.666666666666667,-3.0
2018,Spain,BRONZE,2,154.0,4.333333333333333,-2.0
2020,Spain,BRONZE,6,156.0,4.0,4.0
2020,Spain,GOLD,3,162.0,3.6666666666666665,-3.0
2020,Spain,SILVER,8,165.0,5.666666666666667,5.0
2022,Spain,SILVER,1,173.0,4.0,-7.0
1948,Sri Lanka,SILVER,1,174.0,0.0,0.0
2000,Sri Lanka,SILVER,1,1.0,0.0,0.0
2008,Sudan,SILVER,1,2.0,0.0,0.0
1988,Suriname,GOLD,1,1.0,0.0,0.0
1992,Suriname,BRONZE,1,1.0,0.0,0.0
1900,Sweden,BRONZE,1,2.0,0.0,0.0
1908,Sweden,BRONZE,10,1.0,0.0,9.0
1908,Sweden,GOLD,8,11.0,6.333333333333333,-2.0
1908,Sweden,SILVER,6,19.0,8.0,-2.0
1912,Sweden,BRONZE,17,25.0,10.333333333333334,11.0
1912,Sweden,GOLD,24,42.0,15.666666666666666,7.0
1912,Sweden,SILVER,24,66.0,21.666666666666668,0.0
1920,Sweden,BRONZE,25,90.0,24.333333333333332,1.0
1920,Sweden,GOLD,19,115.0,22.666666666666668,-6.0
1920,Sweden,SILVER,20,134.0,21.333333333333332,1.0
1924,Sweden,BRONZE,12,154.0,17.0,-8.0
1924,Sweden,GOLD,5,166.0,12.333333333333334,-7.0
1924,Sweden,SILVER,14,171.0,10.333333333333334,9.0
1928,Sweden,BRONZE,13,185.0,10.666666666666666,-1.0
1928,Sweden,GOLD,8,198.0,11.666666666666666,-5.0
1928,Sweden,SILVER,8,206.0,9.666666666666666,0.0
1932,Sweden,BRONZE,9,214.0,8.333333333333334,1.0
1932,Sweden,GOLD,10,223.0,9.0,1.0
1932,Sweden,SILVER,7,233.0,8.666666666666666,-3.0
1936,Sweden,BRONZE,11,240.0,9.333333333333334,4.0
1936,Sweden,GOLD,7,251.0,8.333333333333334,-4.0
1936,Sweden,SILVER,7,258.0,8.333333333333334,0.0
1948,Sweden,BRONZE,20,265.0,11.333333333333334,13.0
1948,Sweden,GOLD,20,285.0,15.666666666666666,0.0
1948,Sweden,SILVER,14,305.0,18.0,-6.0
1952,Sweden,BRONZE,14,319.0,16.0,0.0
1952,Sweden,GOLD,12,333.0,13.333333333333334,-2.0
1952,Sweden,SILVER,11,345.0,12.333333333333334,-1.0
1956,Sweden,BRONZE,10,356.0,11.0,-1.0
1956,Sweden,GOLD,7,366.0,9.333333333333334,-3.0
1956,Sweden,SILVER,9,373.0,8.666666666666666,2.0
1960,Sweden,BRONZE,5,382.0,7.0,-4.0
1960,Sweden,GOLD,4,387.0,6.0,-1.0
1960,Sweden,SILVER,4,391.0,4.333333333333333,0.0
1964,Sweden,BRONZE,5,395.0,4.333333333333333,1.0
1964,Sweden,GOLD,5,400.0,4.666666666666667,0.0
1964,Sweden,SILVER,5,405.0,5.0,0.0
1968,Sweden,BRONZE,4,410.0,4.666666666666667,-1.0
1968,Sweden,GOLD,5,414.0,4.666666666666667,1.0
1968,Sweden,SILVER,3,419.0,4.0,-2.0
1972,Sweden,BRONZE,8,422.0,5.333333333333333,5.0
1972,Sweden,GOLD,5,430.0,5.333333333333333,-3.0
1972,Sweden,SILVER,7,435.0,6.666666666666667,2.0
1976,Sweden,BRONZE,2,442.0,4.666666666666667,-5.0
1976,Sweden,GOLD,4,444.0,4.333333333333333,2.0
1976,Sweden,SILVER,1,448.0,2.3333333333333335,-3.0
1980,Sweden,BRONZE,7,449.0,4.0,6.0
1980,Sweden,GOLD,6,456.0,4.666666666666667,-1.0
1980,Sweden,SILVER,3,462.0,5.333333333333333,-3.0
1984,Sweden,BRONZE,8,465.0,5.666666666666667,5.0
1984,Sweden,GOLD,6,473.0,5.666666666666667,-2.0
1984,Sweden,SILVER,13,479.0,9.0,7.0
1988,Sweden,BRONZE,9,492.0,9.333333333333334,-4.0
1988,Sweden,GOLD,4,501.0,8.666666666666666,-5.0
1988,Sweden,SILVER,4,505.0,5.666666666666667,0.0
1992,Sweden,BRONZE,7,509.0,5.0,3.0
1992,Sweden,GOLD,2,516.0,4.333333333333333,-5.0
1992,Sweden,SILVER,7,518.0,5.333333333333333,5.0
1994,Sweden,GOLD,2,525.0,3.6666666666666665,-5.0
1994,Sweden,SILVER,1,527.0,3.3333333333333335,-1.0
1996,Sweden,BRONZE,2,528.0,1.6666666666666667,1.0
1996,Sweden,GOLD,2,530.0,1.6666666666666667,0.0
1996,Sweden,SILVER,4,532.0,2.6666666666666665,2.0
1998,Sweden,BRONZE,1,536.0,2.3333333333333335,-3.0
1998,Sweden,SILVER,2,537.0,2.3333333333333335,1.0
2000,Sweden,BRONZE,3,539.0,2.0,1.0
2000,Sweden,GOLD,4,542.0,3.0,1.0
2000,Sweden,SILVER,5,546.0,4.0,1.0
2002,Sweden,BRONZE,5,551.0,4.666666666666667,0.0
2002,Sweden,SILVER,2,556.0,4.0,-3.0
2004,Sweden,BRONZE,1,558.0,2.6666666666666665,-1.0
2004,Sweden,GOLD,4,559.0,2.3333333333333335,3.0
2004,Sweden,SILVER,2,563.0,2.3333333333333335,-2.0
2006,Sweden,BRONZE,5,565.0,3.6666666666666665,3.0
2006,Sweden,GOLD,7,570.0,4.666666666666667,2.0
2006,Sweden,SILVER,2,577.0,4.666666666666667,-5.0
2008,Sweden,BRONZE,1,579.0,3.3333333333333335,-1.0
2008,Sweden,SILVER,4,580.0,2.3333333333333335,3.0
2010,Sweden,BRONZE,4,584.0,3.0,0.0
2010,Sweden,GOLD,5,588.0,4.333333333333333,1.0
2010,Sweden,SILVER,2,593.0,3.6666666666666665,-3.0
2012,Sweden,BRONZE,3,595.0,3.3333333333333335,1.0
2012,Sweden,GOLD,1,598.0,2.0,-2.0
2012,Sweden,SILVER,4,599.0,2.6666666666666665,3.0
2014,Sweden,BRONZE,6,603.0,3.6666666666666665,2.0
2014,Sweden,GOLD,2,609.0,4.0,-4.0
2014,Sweden,SILVER,7,611.0,5.0,5.0
2016,Sweden,BRONZE,3,618.0,4.0,-4.0
2016,Sweden,GOLD,2,621.0,4.0,-1.0
2016,Sweden,SILVER,6,623.0,3.6666666666666665,4.0
2018,Sweden,BRONZE,1,629.0,3.0,-5.0
2018,Sweden,GOLD,7,630.0,4.666666666666667,6.0
2018,Sweden,SILVER,6,637.0,4.666666666666667,-1.0
2020,Sweden,GOLD,3,643.0,5.333333333333333,-3.0
2020,Sweden,SILVER,6,646.0,5.0,3.0
2022,Sweden,BRONZE,5,652.0,4.666666666666667,-1.0
2022,Sweden,GOLD,8,657.0,6.333333333333333,3.0
2022,Sweden,SILVER,5,665.0,6.0,-3.0
1896,Switzerland,GOLD,1,670.0,0.0,0.0
1896,Switzerland,SILVER,2,1.0,0.0,1.0
1900,Switzerland,BRONZE,1,3.0,1.3333333333333333,-1.0
1900,Switzerland,GOLD,6,4.0,3.0,5.0
1900,Switzerland,SILVER,2,10.0,3.0,-4.0
1904,Switzerland,BRONZE,2,12.0,3.3333333333333335,0.0
1904,Switzerland,GOLD,1,14.0,1.6666666666666667,-1.0
1920,Switzerland,BRONZE,7,15.0,3.3333333333333335,6.0
1920,Switzerland,GOLD,2,22.0,3.3333333333333335,-5.0
1920,Switzerland,SILVER,2,24.0,3.6666666666666665,0.0
1924,Switzerland,BRONZE,11,26.0,5.0,9.0
1924,Switzerland,GOLD,9,37.0,7.333333333333333,-2.0
1924,Switzerland,SILVER,8,46.0,9.333333333333334,-1.0
1928,Switzerland,BRONZE,5,54.0,7.333333333333333,-3.0
1928,Switzerland,GOLD,7,59.0,6.666666666666667,2.0
1928,Switzerland,SILVER,4,66.0,5.333333333333333,-3.0
1932,Switzerland,SILVER,2,70.0,4.333333333333333,-2.0
1936,Switzerland,BRONZE,5,72.0,3.6666666666666665,3.0
1936,Switzerland,GOLD,2,77.0,3.0,-3.0
1936,Switzerland,SILVER,11,79.0,6.0,9.0
1948,Switzerland,BRONZE,6,90.0,6.333333333333333,-5.0
1948,Switzerland,GOLD,8,96.0,8.333333333333334,2.0
1948,Switzerland,SILVER,14,104.0,9.333333333333334,6.0
1952,Switzerland,BRONZE,8,118.0,10.0,-6.0
1952,Switzerland,GOLD,2,126.0,8.0,-6.0
1952,Switzerland,SILVER,6,128.0,5.333333333333333,4.0
1956,Switzerland,BRONZE,1,134.0,3.0,-5.0
1956,Switzerland,GOLD,3,135.0,3.3333333333333335,2.0
1956,Switzerland,SILVER,2,138.0,2.0,-1.0
1960,Switzerland,BRONZE,3,140.0,2.6666666666666665,1.0
1960,Switzerland,GOLD,2,143.0,2.3333333333333335,-1.0
1960,Switzerland,SILVER,3,145.0,2.6666666666666665,1.0
1964,Switzerland,BRONZE,1,148.0,2.0,-2.0
1964,Switzerland,GOLD,1,149.0,1.6666666666666667,0.0
1964,Switzerland,SILVER,2,150.0,1.3333333333333333,1.0
1968,Switzerland,BRONZE,8,152.0,3.6666666666666665,6.0
1968,Switzerland,SILVER,3,160.0,4.333333333333333,-5.0
1972,Switzerland,BRONZE,3,163.0,4.666666666666667,0.0
1972,Switzerland,GOLD,4,166.0,3.3333333333333335,1.0
1972,Switzerland,SILVER,6,170.0,4.333333333333333,2.0
1976,Switzerland,BRONZE,3,176.0,4.333333333333333,-3.0
1976,Switzerland,GOLD,2,179.0,3.6666666666666665,-1.0
1976,Switzerland,SILVER,4,181.0,3.0,2.0
1980,Switzerland,BRONZE,3,185.0,3.0,-1.0
1980,Switzerland,GOLD,3,188.0,3.3333333333333335,0.0
1980,Switzerland,SILVER,1,191.0,2.3333333333333335,-2.0
1984,Switzerland,BRONZE,5,192.0,3.0,4.0
1984,Switzerland,GOLD,2,197.0,2.6666666666666665,-3.0
1984,Switzerland,SILVER,6,199.0,4.333333333333333,4.0
1988,Switzerland,BRONZE,7,205.0,5.0,1.0
1988,Switzerland,GOLD,5,212.0,6.0,-2.0
1988,Switzerland,SILVER,7,217.0,6.333333333333333,2.0
1992,Switzerland,BRONZE,2,224.0,4.666666666666667,-5.0
1992,Switzerland,GOLD,2,226.0,3.6666666666666665,0.0
1994,Switzerland,BRONZE,2,228.0,2.0,0.0
1994,Switzerland,GOLD,3,230.0,2.3333333333333335,1.0
1994,Switzerland,SILVER,4,233.0,3.0,1.0
1996,Switzerland,GOLD,4,237.0,3.6666666666666665,0.0
1996,Switzerland,SILVER,3,241.0,3.6666666666666665,-1.0
1998,Switzerland,BRONZE,3,244.0,3.3333333333333335,0.0
1998,Switzerland,GOLD,2,247.0,2.6666666666666665,-1.0
1998,Switzerland,SILVER,2,249.0,2.3333333333333335,0.0
2000,Switzerland,BRONZE,2,251.0,2.0,0.0
2000,Switzerland,GOLD,1,253.0,1.6666666666666667,-1.0
2000,Switzerland,SILVER,6,254.0,3.0,5.0
2002,Switzerland,BRONZE,6,260.0,4.333333333333333,0.0
2002,Switzerland,GOLD,3,266.0,5.0,-3.0
2002,Switzerland,SILVER,2,269.0,3.6666666666666665,-1.0
2004,Switzerland,BRONZE,3,271.0,2.6666666666666665,1.0
2004,Switzerland,GOLD,1,274.0,2.0,-2.0
2004,Switzerland,SILVER,1,275.0,1.6666666666666667,0.0
2006,Switzerland,BRONZE,5,276.0,2.3333333333333335,4.0
2006,Switzerland,GOLD,5,281.0,3.6666666666666665,0.0
2006,Switzerland,SILVER,4,286.0,4.666666666666667,-1.0
2008,Switzerland,BRONZE,4,290.0,4.333333333333333,0.0
2008,Switzerland,GOLD,2,294.0,3.3333333333333335,-2.0
2008,Switzerland,SILVER,1,296.0,2.3333333333333335,-1.0
2010,Switzerland,BRONZE,3,297.0,2.0,2.0
2010,Switzerland,GOLD,6,300.0,3.3333333333333335,3.0
2012,Switzerland,GOLD,2,306.0,3.6666666666666665,-4.0
2012,Switzerland,SILVER,2,308.0,3.3333333333333335,0.0
2014,Switzerland,BRONZE,2,310.0,2.0,0.0
2014,Switzerland,GOLD,7,312.0,3.6666666666666665,5.0
2014,Switzerland,SILVER,2,319.0,3.6666666666666665,-5.0
2016,Switzerland,BRONZE,2,321.0,3.6666666666666665,0.0
2016,Switzerland,GOLD,3,323.0,2.3333333333333335,1.0
2016,Switzerland,SILVER,2,326.0,2.3333333333333335,-1.0
2018,Switzerland,BRONZE,4,328.0,3.0,2.0
2018,Switzerland,GOLD,5,332.0,3.6666666666666665,1.0
2018,Switzerland,SILVER,6,337.0,5.0,1.0
2020,Switzerland,BRONZE,6,343.0,5.666666666666667,0.0
2020,Switzerland,GOLD,3,349.0,5.0,-3.0
2020,Switzerland,SILVER,4,352.0,4.333333333333333,1.0
2022,Switzerland,BRONZE,5,356.0,4.0,1.0
2022,Switzerland,GOLD,7,361.0,5.333333333333333,2.0
2022,Switzerland,SILVER,2,368.0,4.666666666666667,-5.0
1984,Syrian Arab Republic,SILVER,1,370.0,0.0,0.0
1996,Syrian Arab Republic,GOLD,1,1.0,0.0,0.0
2004,Syrian Arab Republic,BRONZE,1,2.0,1.0,0.0
2020,Syrian Arab Republic,BRONZE,1,3.0,1.0,0.0
2008,Tajikistan,BRONZE,1,4.0,0.0,0.0
2008,Tajikistan,SILVER,1,1.0,0.0,0.0
2012,Tajikistan,BRONZE,1,2.0,1.0,0.0
2016,Tajikistan,GOLD,1,3.0,1.0,0.0
1976,Thailand,BRONZE,1,4.0,0.0,0.0
1984,Thailand,SILVER,1,1.0,0.0,0.0
1988,Thailand,BRONZE,1,2.0,1.0,0.0
1992,Thailand,BRONZE,1,3.0,1.0,0.0
1996,Thailand,BRONZE,1,4.0,1.0,0.0
1996,Thailand,GOLD,1,5.0,1.0,0.0
2000,Thailand,BRONZE,2,6.0,1.3333333333333333,1.0
2000,Thailand,GOLD,1,8.0,1.3333333333333333,-1.0
2004,Thailand,BRONZE,4,9.0,2.3333333333333335,3.0
2004,Thailand,GOLD,3,13.0,2.6666666666666665,-1.0
2004,Thailand,SILVER,1,16.0,2.6666666666666665,-2.0
2008,Thailand,BRONZE,2,17.0,2.0,1.0
2008,Thailand,GOLD,2,19.0,1.6666666666666667,0.0
2008,Thailand,SILVER,2,21.0,2.0,0.0
2012,Thailand,BRONZE,2,23.0,2.0,0.0
2012,Thailand,SILVER,2,25.0,2.0,0.0
2016,Thailand,BRONZE,2,27.0,2.0,0.0
2016,Thailand,GOLD,2,29.0,2.0,0.0
2016,Thailand,SILVER,2,31.0,2.0,0.0
2020,Thailand,BRONZE,1,33.0,1.6666666666666667,-1.0
2020,Thailand,GOLD,1,34.0,1.3333333333333333,0.0
2008,Togo,BRONZE,1,35.0,0.0,0.0
1996,Tonga,SILVER,1,1.0,0.0,0.0
1948,Trinidad and Tobago,SILVER,1,1.0,0.0,0.0
1952,Trinidad and Tobago,BRONZE,2,1.0,0.0,1.0
1964,Trinidad and Tobago,BRONZE,2,3.0,1.6666666666666667,0.0
1964,Trinidad and Tobago,SILVER,1,5.0,1.6666666666666667,-1.0
1976,Trinidad and Tobago,GOLD,1,6.0,1.3333333333333333,0.0
1996,Trinidad and Tobago,BRONZE,2,7.0,1.3333333333333333,1.0
2000,Trinidad and Tobago,BRONZE,1,9.0,1.3333333333333333,-1.0
2000,Trinidad and Tobago,SILVER,1,10.0,1.3333333333333333,0.0
2004,Trinidad and Tobago,BRONZE,1,11.0,1.0,0.0
2008,Trinidad and Tobago,GOLD,1,12.0,1.0,0.0
2008,Trinidad and Tobago,SILVER,1,13.0,1.0,0.0
2012,Trinidad and Tobago,BRONZE,2,14.0,1.3333333333333333,1.0
2012,Trinidad and Tobago,GOLD,1,16.0,1.3333333333333333,-1.0
2012,Trinidad and Tobago,SILVER,1,17.0,1.3333333333333333,0.0
2016,Trinidad and Tobago,BRONZE,1,18.0,1.0,0.0
1964,Tunisia,BRONZE,1,19.0,0.0,0.0
1964,Tunisia,SILVER,1,1.0,0.0,0.0
1968,Tunisia,BRONZE,1,2.0,1.0,0.0
1968,Tunisia,GOLD,1,3.0,1.0,0.0
1972,Tunisia,SILVER,1,4.0,1.0,0.0
1996,Tunisia,BRONZE,1,5.0,1.0,0.0
2008,Tunisia,GOLD,1,6.0,1.0,0.0
2012,Tunisia,BRONZE,1,7.0,1.0,0.0
2012,Tunisia,GOLD,2,8.0,1.3333333333333333,1.0
2016,Tunisia,BRONZE,3,10.0,2.0,1.0
2020,Tunisia,GOLD,1,13.0,2.0,-2.0
2020,Tunisia,SILVER,1,14.0,1.6666666666666667,0.0
1936,Turkey,BRONZE,1,15.0,0.0,0.0
1936,Turkey,GOLD,1,1.0,0.0,0.0
1948,Turkey,BRONZE,2,2.0,1.3333333333333333,1.0
1948,Turkey,GOLD,6,4.0,3.0,4.0
1948,Turkey,SILVER,4,10.0,4.0,-2.0
1952,Turkey,BRONZE,1,14.0,3.6666666666666665,-3.0
1952,Turkey,GOLD,2,15.0,2.3333333333333335,1.0
1956,Turkey,BRONZE,2,17.0,1.6666666666666667,0.0
1956,Turkey,GOLD,3,19.0,2.3333333333333335,1.0
1956,Turkey,SILVER,2,22.0,2.3333333333333335,-1.0
1960,Turkey,GOLD,7,24.0,4.0,5.0
1960,Turkey,SILVER,2,31.0,3.6666666666666665,-5.0
1964,Turkey,BRONZE,1,33.0,3.3333333333333335,-1.0
1964,Turkey,GOLD,2,34.0,1.6666666666666667,1.0
1964,Turkey,SILVER,3,36.0,2.0,1.0
1968,Turkey,GOLD,2,39.0,2.3333333333333335,-1.0
1972,Turkey,SILVER,1,41.0,2.0,-1.0
1984,Turkey,BRONZE,3,42.0,2.0,2.0
1988,Turkey,GOLD,1,45.0,1.6666666666666667,-2.0
1988,Turkey,SILVER,1,46.0,1.6666666666666667,0.0
1992,Turkey,BRONZE,2,47.0,1.3333333333333333,1.0
1992,Turkey,GOLD,2,49.0,1.6666666666666667,0.0
1992,Turkey,SILVER,2,51.0,2.0,0.0
1996,Turkey,BRONZE,1,53.0,1.6666666666666667,-1.0
1996,Turkey,GOLD,4,54.0,2.3333333333333335,3.0
1996,Turkey,SILVER,1,58.0,2.0,-3.0
2000,Turkey,BRONZE,2,59.0,2.3333333333333335,1.0
2000,Turkey,GOLD,3,61.0,2.0,1.0
2004,Turkey,BRONZE,4,64.0,3.0,1.0
2004,Turkey,GOLD,3,68.0,3.3333333333333335,-1.0
2004,Turkey,SILVER,3,71.0,3.3333333333333335,0.0
2008,Turkey,BRONZE,3,74.0,3.0,0.0
2008,Turkey,GOLD,1,77.0,2.3333333333333335,-2.0
2008,Turkey,SILVER,1,78.0,1.6666666666666667,0.0
2012,Turkey,BRONZE,1,79.0,1.0,0.0
2012,Turkey,GOLD,1,80.0,1.0,0.0
2012,Turkey,SILVER,1,81.0,1.0,0.0
2016,Turkey,BRONZE,4,82.0,2.0,3.0
2016,Turkey,GOLD,1,86.0,2.0,-3.0
2016,Turkey,SILVER,3,87.0,2.6666666666666665,2.0
2020,Turkey,BRONZE,9,90.0,4.333333333333333,6.0
2020,Turkey,GOLD,2,99.0,4.666666666666667,-7.0
2020,Turkey,SILVER,2,101.0,4.333333333333333,0.0
2020,Turkmenistan,SILVER,1,103.0,0.0,0.0
1968,Uganda,BRONZE,1,1.0,0.0,0.0
1968,Uganda,SILVER,1,1.0,0.0,0.0
1972,Uganda,GOLD,1,2.0,1.0,0.0
1972,Uganda,SILVER,1,3.0,1.0,0.0
1980,Uganda,SILVER,1,4.0,1.0,0.0
1996,Uganda,BRONZE,1,5.0,1.0,0.0
2012,Uganda,GOLD,1,6.0,1.0,0.0
2020,Uganda,BRONZE,1,7.0,1.0,0.0
2020,Uganda,GOLD,2,8.0,1.3333333333333333,1.0
2020,Uganda,SILVER,1,10.0,1.3333333333333333,-1.0
1994,Ukraine,BRONZE,1,11.0,0.0,0.0
1994,Ukraine,GOLD,1,1.0,0.0,0.0
1996,Ukraine,BRONZE,12,2.0,4.666666666666667,11.0
1996,Ukraine,GOLD,9,14.0,7.333333333333333,-3.0
1996,Ukraine,SILVER,2,23.0,7.666666666666667,-7.0
1998,Ukraine,SILVER,1,25.0,4.0,-1.0
2000,Ukraine,BRONZE,10,26.0,4.333333333333333,9.0
2000,Ukraine,GOLD,3,36.0,4.666666666666667,-7.0
2000,Ukraine,SILVER,10,39.0,7.666666666666667,7.0
2004,Ukraine,BRONZE,9,49.0,7.333333333333333,-1.0
2004,Ukraine,GOLD,8,58.0,9.0,-1.0
2004,Ukraine,SILVER,5,66.0,7.333333333333333,-3.0
2006,Ukraine,BRONZE,2,71.0,5.0,-3.0
2008,Ukraine,BRONZE,11,73.0,6.0,9.0
2008,Ukraine,GOLD,7,84.0,6.666666666666667,-4.0
2008,Ukraine,SILVER,4,91.0,7.333333333333333,-3.0
2012,Ukraine,BRONZE,10,95.0,7.0,6.0
2012,Ukraine,GOLD,5,105.0,6.333333333333333,-5.0
2012,Ukraine,SILVER,4,110.0,6.333333333333333,-1.0
2014,Ukraine,BRONZE,1,114.0,3.3333333333333335,-3.0
2014,Ukraine,GOLD,1,115.0,2.0,0.0
2016,Ukraine,BRONZE,4,116.0,2.0,3.0
2016,Ukraine,GOLD,2,120.0,2.3333333333333335,-2.0
2016,Ukraine,SILVER,5,122.0,3.6666666666666665,3.0
2018,Ukraine,GOLD,1,127.0,2.6666666666666665,-4.0
2020,Ukraine,BRONZE,12,128.0,6.0,11.0
2020,Ukraine,GOLD,1,140.0,4.666666666666667,-11.0
2020,Ukraine,SILVER,6,141.0,6.333333333333333,5.0
2022,Ukraine,SILVER,1,147.0,2.6666666666666665,-5.0
1992,Unified Team,BRONZE,37,148.0,0.0,0.0
1992,Unified Team,GOLD,54,37.0,0.0,17.0
1992,Unified Team,SILVER,44,91.0,45.0,-10.0
2004,United Arab Emirates,GOLD,1,135.0,0.0,0.0
2016,United Arab Emirates,BRONZE,1,1.0,0.0,0.0
1960,United Arab Republic,BRONZE,1,2.0,0.0,0.0
1960,United Arab Republic,SILVER,1,1.0,0.0,0.0
1980,United Republic of Tanzania,SILVER,2,2.0,0.0,0.0
1896,United States of America,BRONZE,2,2.0,0.0,0.0
1896,United States of America,GOLD,11,2.0,0.0,9.0
1896,United States of America,SILVER,6,13.0,6.333333333333333,-5.0
1900,United States of America,BRONZE,15,19.0,10.666666666666666,9.0
1900,United States of America,GOLD,19,34.0,13.333333333333334,4.0
1900,United States of America,SILVER,14,53.0,16.0,-5.0
1904,United States of America,BRONZE,74,67.0,35.666666666666664,60.0
1904,United States of America,GOLD,74,141.0,54.0,0.0
1904,United States of America,SILVER,78,215.0,75.33333333333333,4.0
1908,United States of America,BRONZE,12,293.0,54.666666666666664,-66.0
1908,United States of America,GOLD,22,305.0,37.333333333333336,10.0
1908,United States of America,SILVER,12,327.0,15.333333333333334,-10.0
1912,United States of America,BRONZE,19,339.0,17.666666666666668,7.0
1912,United States of America,GOLD,24,358.0,18.333333333333332,5.0
1912,United States of America,SILVER,18,382.0,20.333333333333332,-6.0
1920,United States of America,BRONZE,27,400.0,23.0,9.0
1920,United States of America,GOLD,41,427.0,28.666666666666668,14.0
1920,United States of America,SILVER,27,468.0,31.666666666666668,-14.0
1924,United States of America,BRONZE,28,495.0,32.0,1.0
1924,United States of America,GOLD,46,523.0,33.666666666666664,18.0
1924,United States of America,SILVER,29,569.0,34.333333333333336,-17.0
1928,United States of America,BRONZE,18,598.0,31.0,-11.0
1928,United States of America,GOLD,24,616.0,23.666666666666668,6.0
1928,United States of America,SILVER,20,640.0,20.666666666666668,-4.0
1932,United States of America,BRONZE,32,660.0,25.333333333333332,12.0
1932,United States of America,GOLD,47,692.0,33.0,15.0
1932,United States of America,SILVER,36,739.0,38.333333333333336,-11.0
1936,United States of America,BRONZE,14,775.0,32.333333333333336,-22.0
1936,United States of America,GOLD,25,789.0,25.0,11.0
1936,United States of America,SILVER,20,814.0,19.666666666666668,-5.0
1948,United States of America,BRONZE,21,834.0,22.0,1.0
1948,United States of America,GOLD,41,855.0,27.333333333333332,20.0
1948,United States of America,SILVER,30,896.0,30.666666666666668,-11.0
1952,United States of America,BRONZE,18,926.0,29.666666666666668,-12.0
1952,United States of America,GOLD,43,944.0,30.333333333333332,25.0
1952,United States of America,SILVER,25,987.0,28.666666666666668,-18.0
1956,United States of America,BRONZE,19,1012.0,29.0,-6.0
1956,United States of America,GOLD,34,1031.0,26.0,15.0
1956,United States of America,SILVER,28,1065.0,27.0,-6.0
1960,United States of America,BRONZE,19,1093.0,27.0,-9.0
1960,United States of America,GOLD,37,1112.0,28.0,18.0
1960,United States of America,SILVER,25,1149.0,27.0,-12.0
1964,United States of America,BRONZE,32,1174.0,31.333333333333332,7.0
1964,United States of America,GOLD,37,1206.0,31.333333333333332,5.0
1964,United States of America,SILVER,28,1243.0,32.333333333333336,-9.0
1968,United States of America,BRONZE,35,1271.0,33.333333333333336,7.0
1968,United States of America,GOLD,46,1306.0,36.333333333333336,11.0
1968,United States of America,SILVER,31,1352.0,37.333333333333336,-15.0
1972,United States of America,BRONZE,33,1383.0,36.666666666666664,2.0
1972,United States of America,GOLD,36,1416.0,33.333333333333336,3.0
1972,United States of America,SILVER,33,1452.0,34.0,-3.0
1976,United States of America,BRONZE,29,1485.0,32.666666666666664,-4.0
1976,United States of America,GOLD,37,1514.0,33.0,8.0
1976,United States of America,SILVER,38,1551.0,34.666666666666664,1.0
1980,United States of America,BRONZE,2,1589.0,25.666666666666668,-36.0
1980,United States of America,GOLD,6,1591.0,15.333333333333334,4.0
1980,United States of America,SILVER,4,1597.0,4.0,-2.0
1984,United States of America,BRONZE,30,1601.0,13.333333333333334,26.0
1984,United States of America,GOLD,86,1631.0,40.0,56.0
1984,United States of America,SILVER,65,1717.0,60.333333333333336,-21.0
1988,United States of America,BRONZE,30,1782.0,60.333333333333336,-35.0
1988,United States of America,GOLD,38,1812.0,44.333333333333336,8.0
1988,United States of America,SILVER,32,1850.0,33.333333333333336,-6.0
1992,United States of America,BRONZE,39,1882.0,36.333333333333336,7.0
1992,United States of America,GOLD,42,1921.0,37.666666666666664,3.0
1992,United States of America,SILVER,38,1963.0,39.666666666666664,-4.0
1994,United States of America,BRONZE,2,2001.0,27.333333333333332,-36.0
1994,United States of America,GOLD,6,2003.0,15.333333333333334,4.0
1994,United States of America,SILVER,5,2009.0,4.333333333333333,-1.0
1996,United States of America,BRONZE,25,2014.0,12.0,20.0
1996,United States of America,GOLD,44,2039.0,24.666666666666668,19.0
1996,United States of America,SILVER,32,2083.0,33.666666666666664,-12.0
1998,United States of America,BRONZE,4,2115.0,26.666666666666668,-28.0
1998,United States of America,GOLD,6,2119.0,14.0,2.0
1998,United States of America,SILVER,3,2125.0,4.333333333333333,-3.0
2000,United States of America,BRONZE,31,2128.0,13.333333333333334,28.0
2000,United States of America,GOLD,36,2159.0,23.333333333333332,5.0
2000,United States of America,SILVER,24,2195.0,30.333333333333332,-12.0
2002,United States of America,BRONZE,11,2219.0,23.666666666666668,-13.0
2002,United States of America,GOLD,10,2230.0,15.0,-1.0
2002,United States of America,SILVER,13,2240.0,11.333333333333334,3.0
2004,United States of America,BRONZE,26,2253.0,16.333333333333332,13.0
2004,United States of America,GOLD,36,2279.0,25.0,10.0
2004,United States of America,SILVER,39,2315.0,33.666666666666664,3.0
2006,United States of America,BRONZE,7,2354.0,27.333333333333332,-32.0
2006,United States of America,GOLD,9,2361.0,18.333333333333332,2.0
2006,United States of America,SILVER,9,2370.0,8.333333333333334,0.0
2008,United States of America,BRONZE,37,2379.0,18.333333333333332,28.0
2008,United States of America,GOLD,36,2416.0,27.333333333333332,-1.0
2008,United States of America,SILVER,39,2452.0,37.333333333333336,3.0
2010,United States of America,BRONZE,13,2491.0,29.333333333333332,-26.0
2010,United States of America,GOLD,9,2504.0,20.333333333333332,-4.0
2010,United States of America,SILVER,15,2513.0,12.333333333333334,6.0
2012,United States of America,BRONZE,30,2528.0,18.0,15.0
2012,United States of America,GOLD,47,2558.0,30.666666666666668,17.0
2012,United States of America,SILVER,27,2605.0,34.666666666666664,-20.0
2014,United States of America,BRONZE,10,2632.0,28.0,-17.0
2014,United States of America,GOLD,9,2642.0,15.333333333333334,-1.0
2014,United States of America,SILVER,9,2651.0,9.333333333333334,0.0
2016,United States of America,BRONZE,38,2660.0,18.666666666666668,29.0
2016,United States of America,GOLD,46,2698.0,31.0,8.0
2016,United States of America,SILVER,37,2744.0,40.333333333333336,-9.0
2018,United States of America,BRONZE,6,2781.0,29.666666666666668,-31.0
2018,United States of America,GOLD,9,2787.0,17.333333333333332,3.0
2018,United States of America,SILVER,8,2796.0,7.666666666666667,-1.0
2020,United States of America,BRONZE,33,2804.0,16.666666666666668,25.0
2020,United States of America,GOLD,39,2837.0,26.666666666666668,6.0
2020,United States of America,SILVER,41,2876.0,37.666666666666664,2.0
2022,United States of America,BRONZE,7,2917.0,29.0,-34.0
2022,United States of America,GOLD,8,2924.0,18.666666666666668,1.0
2022,United States of America,SILVER,10,2932.0,8.333333333333334,2.0
1924,Uruguay,GOLD,1,2942.0,0.0,0.0
1928,Uruguay,GOLD,1,1.0,0.0,0.0
1932,Uruguay,BRONZE,1,2.0,1.0,0.0
1948,Uruguay,BRONZE,1,3.0,1.0,0.0
1948,Uruguay,SILVER,1,4.0,1.0,0.0
1952,Uruguay,BRONZE,2,5.0,1.3333333333333333,1.0
1956,Uruguay,BRONZE,1,7.0,1.3333333333333333,-1.0
1964,Uruguay,BRONZE,1,8.0,1.3333333333333333,0.0
2000,Uruguay,SILVER,1,9.0,1.0,0.0
1994,Uzbekistan,GOLD,1,10.0,0.0,0.0
1996,Uzbekistan,BRONZE,1,1.0,0.0,0.0
1996,Uzbekistan,SILVER,1,2.0,1.0,0.0
2000,Uzbekistan,BRONZE,2,3.0,1.3333333333333333,1.0
2000,Uzbekistan,GOLD,1,5.0,1.3333333333333333,-1.0
2000,Uzbekistan,SILVER,1,6.0,1.3333333333333333,0.0
2004,Uzbekistan,BRONZE,2,7.0,1.3333333333333333,1.0
2004,Uzbekistan,GOLD,2,9.0,1.6666666666666667,0.0
2004,Uzbekistan,SILVER,1,11.0,1.6666666666666667,-1.0
2008,Uzbekistan,BRONZE,3,12.0,2.0,2.0
2008,Uzbekistan,SILVER,1,15.0,1.6666666666666667,-2.0
2012,Uzbekistan,BRONZE,2,16.0,2.0,1.0
2016,Uzbekistan,BRONZE,7,18.0,3.3333333333333335,5.0
2016,Uzbekistan,GOLD,4,25.0,4.333333333333333,-3.0
2016,Uzbekistan,SILVER,2,29.0,4.333333333333333,-2.0
2020,Uzbekistan,BRONZE,2,31.0,2.6666666666666665,0.0
2020,Uzbekistan,GOLD,3,33.0,2.3333333333333335,1.0
1952,Venezuela,BRONZE,1,36.0,0.0,0.0
1960,Venezuela,BRONZE,1,1.0,0.0,0.0
1968,Venezuela,GOLD,1,2.0,1.0,0.0
1976,Venezuela,SILVER,1,3.0,1.0,0.0
1980,Venezuela,SILVER,1,4.0,1.0,0.0
1984,Venezuela,BRONZE,3,5.0,1.6666666666666667,2.0
2004,Venezuela,BRONZE,2,8.0,2.0,-1.0
2008,Venezuela,BRONZE,1,10.0,2.0,-1.0
2012,Venezuela,GOLD,1,11.0,1.3333333333333333,0.0
2016,Venezuela,BRONZE,1,12.0,1.0,0.0
2016,Venezuela,SILVER,2,13.0,1.3333333333333333,1.0
2020,Venezuela,GOLD,1,15.0,1.3333333333333333,-1.0
2020,Venezuela,SILVER,3,16.0,2.0,2.0
2000,Vietnam,SILVER,1,19.0,0.0,0.0
2008,Vietnam,SILVER,1,1.0,0.0,0.0
2016,Vietnam,GOLD,1,2.0,1.0,0.0
2016,Vietnam,SILVER,1,3.0,1.0,0.0
1988,"Virgin Islands, US",SILVER,1,4.0,0.0,0.0
1960,West Indies Federation,BRONZE,2,1.0,0.0,0.0
1924,Yugoslavia,GOLD,2,2.0,0.0,0.0
1928,Yugoslavia,BRONZE,3,2.0,0.0,1.0
1928,Yugoslavia,GOLD,1,5.0,2.0,-2.0
1928,Yugoslavia,SILVER,1,6.0,1.6666666666666667,0.0
1936,Yugoslavia,SILVER,1,7.0,1.0,0.0
1948,Yugoslavia,SILVER,2,8.0,1.3333333333333333,1.0
1952,Yugoslavia,GOLD,1,10.0,1.3333333333333333,-1.0
1952,Yugoslavia,SILVER,2,11.0,1.6666666666666667,1.0
1956,Yugoslavia,SILVER,3,13.0,2.0,1.0
1960,Yugoslavia,GOLD,1,16.0,2.0,-2.0
1960,Yugoslavia,SILVER,1,17.0,1.6666666666666667,0.0
1964,Yugoslavia,BRONZE,2,18.0,1.3333333333333333,1.0
1964,Yugoslavia,GOLD,2,20.0,1.6666666666666667,0.0
1964,Yugoslavia,SILVER,1,22.0,1.6666666666666667,-1.0
1968,Yugoslavia,BRONZE,2,23.0,1.6666666666666667,1.0
1968,Yugoslavia,GOLD,3,25.0,2.0,1.0
1968,Yugoslavia,SILVER,3,28.0,2.6666666666666665,0.0
1972,Yugoslavia,BRONZE,2,31.0,2.6666666666666665,-1.0
1972,Yugoslavia,GOLD,2,33.0,2.3333333333333335,0.0
1972,Yugoslavia,SILVER,1,35.0,1.6666666666666667,-1.0
1976,Yugoslavia,BRONZE,3,36.0,2.0,2.0
1976,Yugoslavia,GOLD,2,39.0,2.0,-1.0
1976,Yugoslavia,SILVER,3,41.0,2.6666666666666665,1.0
1980,Yugoslavia,BRONZE,4,44.0,3.0,1.0
1980,Yugoslavia,GOLD,2,48.0,3.0,-2.0
1980,Yugoslavia,SILVER,3,50.0,3.0,1.0
1984,Yugoslavia,BRONZE,7,53.0,4.0,4.0
1984,Yugoslavia,GOLD,7,60.0,5.666666666666667,0.0
1984,Yugoslavia,SILVER,5,67.0,6.333333333333333,-2.0
1988,Yugoslavia,BRONZE,6,72.0,6.0,1.0
1988,Yugoslavia,GOLD,3,78.0,4.666666666666667,-3.0
1988,Yugoslavia,SILVER,6,81.0,5.0,3.0
1984,Zambia,BRONZE,1,87.0,0.0,0.0
1996,Zambia,SILVER,1,1.0,0.0,0.0
1980,Zimbabwe,GOLD,1,2.0,0.0,0.0
2004,Zimbabwe,BRONZE,1,1.0,0.0,0.0
2004,Zimbabwe,GOLD,1,2.0,1.0,0.0
2004,Zimbabwe,SILVER,1,3.0,1.0,0.0
2008,Zimbabwe,GOLD,1,4.0,1.0,0.0
2008,Zimbabwe,SILVER,3,5.0,1.6666666666666667,2.0
